Case_ID,ROUGE-1_Precision,ROUGE-1_Recall,ROUGE-1_F1,ROUGE-2_Precision,ROUGE-2_Recall,ROUGE-2_F1,ROUGE-L_Precision,ROUGE-L_Recall,ROUGE-L_F1,Algorithm
IM-NY-0072,0.5934,0.4961,0.5404,0.1678,0.1403,0.1528,0.1622,0.1356,0.1477,BERT
DR-MO-0001,0.6302,0.4669,0.5364,0.173,0.1281,0.1472,0.1921,0.1423,0.1635,BERT
IM-CA-0108,0.5343,0.5017,0.5175,0.1373,0.1289,0.133,0.1501,0.141,0.1454,BERT
CJ-WA-0001,0.6076,0.4363,0.5079,0.2146,0.1541,0.1793,0.1914,0.1375,0.16,BERT
FH-DC-0011,0.6367,0.4212,0.507,0.1979,0.1309,0.1576,0.2148,0.1421,0.171,BERT
PB-DC-0010,0.5747,0.4479,0.5035,0.1838,0.1432,0.161,0.1714,0.1336,0.1501,BERT
DR-PA-0006,0.5953,0.4195,0.4922,0.1618,0.114,0.1338,0.1895,0.1335,0.1567,BERT
NH-MO-0001,0.6029,0.4045,0.4842,0.1848,0.124,0.1484,0.2135,0.1432,0.1714,BERT
PA-NC-0004,0.5262,0.44,0.4793,0.176,0.1472,0.1603,0.17,0.1422,0.1548,BERT
PB-MI-0026,0.6008,0.3957,0.4772,0.171,0.1126,0.1358,0.2058,0.1356,0.1635,BERT
FA-GA-0001,0.6505,0.3761,0.4766,0.1962,0.1134,0.1437,0.1986,0.1148,0.1455,BERT
PC-NJ-0026,0.5017,0.4486,0.4737,0.1164,0.1041,0.1099,0.1473,0.1317,0.139,BERT
CJ-NY-0013,0.6705,0.3637,0.4716,0.1936,0.105,0.1361,0.2392,0.1297,0.1682,BERT
PB-MA-0011,0.6316,0.3754,0.4709,0.1573,0.0934,0.1172,0.2013,0.1197,0.1501,BERT
EE-MO-0002,0.6278,0.3741,0.4688,0.165,0.0983,0.1232,0.1984,0.1182,0.1482,BERT
IM-IL-0024,0.3839,0.5663,0.4576,0.1142,0.1685,0.1362,0.1299,0.1916,0.1548,BERT
PN-IL-0009,0.6127,0.3628,0.4558,0.1706,0.1009,0.1268,0.1985,0.1176,0.1477,BERT
NS-VA-0004,0.6557,0.348,0.4547,0.1996,0.1059,0.1384,0.2164,0.1148,0.15,BERT
NS-MI-0003,0.6388,0.3512,0.4533,0.2085,0.1146,0.1479,0.2095,0.1152,0.1487,BERT
PN-CA-0023,0.5355,0.3926,0.453,0.1499,0.1099,0.1268,0.165,0.121,0.1396,BERT
FA-DC-0020,0.7143,0.3248,0.4465,0.2036,0.0925,0.1272,0.2431,0.1106,0.152,BERT
PC-MI-0009,0.6452,0.3405,0.4457,0.1821,0.0961,0.1258,0.1944,0.1026,0.1343,BERT
NS-DC-0115,0.563,0.3583,0.4379,0.1903,0.1211,0.148,0.1838,0.117,0.143,BERT
PC-NJ-0024,0.6559,0.3282,0.4375,0.1805,0.0903,0.1203,0.2306,0.1154,0.1538,BERT
FA-NY-0007,0.5489,0.3595,0.4344,0.1261,0.0825,0.0998,0.1907,0.1249,0.1509,BERT
EE-CA-0348,0.6719,0.3206,0.434,0.1768,0.0843,0.1141,0.1963,0.0937,0.1268,BERT
ED-SD-0002,0.6515,0.3215,0.4305,0.1708,0.0842,0.1128,0.2147,0.106,0.1419,BERT
IM-NY-0071,0.6901,0.3118,0.4295,0.2328,0.1051,0.1448,0.2485,0.1123,0.1547,BERT
PA-CA-0002,0.6099,0.3313,0.4294,0.1551,0.0842,0.1092,0.1934,0.1051,0.1362,BERT
DR-CO-0001,0.6697,0.3158,0.4292,0.166,0.0782,0.1063,0.2069,0.0976,0.1326,BERT
JI-OH-0011,0.7357,0.2998,0.426,0.2892,0.1177,0.1673,0.293,0.1194,0.1696,BERT
PN-AZ-0001,0.6121,0.3185,0.419,0.1647,0.0857,0.1127,0.1797,0.0935,0.123,BERT
JC-TX-0020,0.6778,0.3016,0.4175,0.1888,0.0839,0.1162,0.2447,0.1089,0.1507,BERT
IM-TX-0027,0.654,0.3066,0.4175,0.1506,0.0705,0.0961,0.2249,0.1054,0.1436,BERT
PR-DC-0003,0.7324,0.2898,0.4153,0.2211,0.0874,0.1253,0.2637,0.1043,0.1495,BERT
IM-GA-0008,0.6376,0.308,0.4153,0.1504,0.0726,0.0979,0.2152,0.104,0.1402,BERT
PB-FL-0015,0.655,0.3019,0.4133,0.1947,0.0897,0.1228,0.2196,0.1012,0.1386,BERT
CJ-CO-0004,0.67,0.2978,0.4123,0.2122,0.0942,0.1305,0.243,0.108,0.1496,BERT
PC-CO-0028,0.6017,0.3097,0.4089,0.1391,0.0716,0.0945,0.1836,0.0945,0.1248,BERT
IM-TX-0053,0.5657,0.3183,0.4074,0.1328,0.0747,0.0956,0.18,0.1013,0.1297,BERT
JC-NM-0010,0.6433,0.2949,0.4044,0.2236,0.1024,0.1405,0.236,0.1082,0.1483,BERT
DR-DC-0007,0.6512,0.2882,0.3996,0.2244,0.0992,0.1376,0.2368,0.1048,0.1453,BERT
PN-OR-0004,0.5902,0.2981,0.3961,0.1633,0.0824,0.1095,0.2049,0.1035,0.1375,BERT
JC-MD-0007,0.5915,0.2966,0.395,0.1394,0.0699,0.0931,0.1931,0.0968,0.129,BERT
FA-IN-0001,0.5312,0.3125,0.3936,0.1374,0.0808,0.1018,0.2011,0.1183,0.149,BERT
PC-GA-0017,0.6451,0.2819,0.3923,0.1575,0.0687,0.0957,0.235,0.1027,0.1429,BERT
CJ-MI-0008,0.6649,0.2782,0.3922,0.1679,0.0701,0.0989,0.2228,0.0932,0.1314,BERT
PN-MI-0013,0.6143,0.2877,0.3918,0.1328,0.0621,0.0847,0.2073,0.0971,0.1322,BERT
JC-CO-0008,0.6789,0.2738,0.3902,0.2074,0.0835,0.1191,0.2476,0.0998,0.1423,BERT
JC-MA-0019,0.6217,0.2843,0.3901,0.1311,0.0599,0.0822,0.1963,0.0898,0.1232,BERT
FA-IL-0016,0.7912,0.2567,0.3876,0.2706,0.0877,0.1325,0.2969,0.0963,0.1455,BERT
EE-AZ-0009,0.6158,0.2828,0.3876,0.1468,0.0674,0.0924,0.1965,0.0902,0.1237,BERT
PB-CA-0048,0.508,0.3133,0.3875,0.1136,0.07,0.0866,0.1495,0.0922,0.1141,BERT
CJ-OK-0004,0.6639,0.2733,0.3872,0.1633,0.0672,0.0952,0.2379,0.0979,0.1388,BERT
FA-MI-0019,0.6849,0.2682,0.3854,0.2219,0.0868,0.1248,0.2699,0.1057,0.1519,BERT
NS-CA-0008,0.6712,0.27,0.3851,0.2002,0.0805,0.1148,0.2136,0.0859,0.1225,BERT
VR-DC-1168,0.5514,0.2953,0.3846,0.1385,0.0741,0.0965,0.1806,0.0967,0.126,BERT
IM-CT-0009,0.6781,0.2655,0.3815,0.2089,0.0817,0.1174,0.251,0.0983,0.1412,BERT
PB-DC-0011,0.7737,0.2513,0.3794,0.3245,0.1052,0.1589,0.3184,0.1034,0.1561,BERT
IM-NY-0060,0.7227,0.2535,0.3754,0.2155,0.0755,0.1118,0.2723,0.0955,0.1414,BERT
JI-SC-0001,0.7081,0.2536,0.3735,0.2402,0.086,0.1266,0.289,0.1035,0.1524,BERT
EE-MO-0105,0.6397,0.2619,0.3716,0.151,0.0617,0.0877,0.2169,0.0888,0.126,BERT
EE-IL-0282,0.6662,0.2548,0.3686,0.1797,0.0687,0.0993,0.2324,0.0889,0.1286,BERT
IM-MA-0009,0.6531,0.2547,0.3665,0.1877,0.0731,0.1053,0.2412,0.0941,0.1353,BERT
IM-AL-0010,0.7335,0.2434,0.3655,0.2242,0.0743,0.1116,0.2899,0.0962,0.1444,BERT
PC-UT-0003,0.6846,0.2472,0.3632,0.1809,0.0652,0.0959,0.2614,0.0944,0.1387,BERT
DR-CA-0001,0.6261,0.2545,0.3619,0.2169,0.0881,0.1253,0.2537,0.1031,0.1467,BERT
PC-OH-0010,0.7255,0.2402,0.3609,0.2734,0.0904,0.1359,0.2876,0.0952,0.1431,BERT
PN-NY-0011,0.7386,0.2387,0.3608,0.1878,0.0606,0.0916,0.2636,0.0852,0.1288,BERT
DR-TX-0003,0.7262,0.2399,0.3607,0.2198,0.0725,0.1091,0.2738,0.0904,0.136,BERT
IM-GA-0017,0.2884,0.474,0.3586,0.0612,0.1006,0.0761,0.092,0.1512,0.1144,BERT
IM-GA-0014,0.6007,0.2553,0.3583,0.131,0.0556,0.0781,0.2067,0.0878,0.1233,BERT
ED-HI-0003,0.7145,0.2389,0.358,0.2277,0.076,0.114,0.2359,0.0789,0.1182,BERT
JC-NM-0006,0.6485,0.2463,0.3571,0.1818,0.069,0.1,0.2494,0.0947,0.1373,BERT
PC-SD-0001,0.6097,0.2517,0.3563,0.1788,0.0737,0.1044,0.2451,0.1012,0.1432,BERT
JI-NM-0003,0.6385,0.2469,0.3561,0.2256,0.0871,0.1257,0.2814,0.1088,0.1569,BERT
DR-CA-0054,0.6152,0.2482,0.3537,0.1564,0.063,0.0898,0.216,0.0871,0.1242,BERT
IM-NY-0047,0.5837,0.2525,0.3525,0.1329,0.0574,0.0802,0.2116,0.0915,0.1278,BERT
PN-WI-0001,0.7121,0.2342,0.3524,0.1587,0.0521,0.0785,0.2589,0.0852,0.1282,BERT
ID-CT-0002,0.6235,0.2438,0.3505,0.1753,0.0684,0.0984,0.2407,0.0941,0.1353,BERT
DR-UT-0001,0.6903,0.2323,0.3476,0.1875,0.063,0.0943,0.2796,0.0941,0.1408,BERT
MH-ID-0003,0.7736,0.2194,0.3418,0.3157,0.0894,0.1393,0.2811,0.0797,0.1242,BERT
CJ-TX-0007,0.6461,0.2308,0.3401,0.1455,0.0519,0.0765,0.2387,0.0853,0.1257,BERT
PN-MI-0002,0.7011,0.2242,0.3398,0.1456,0.0465,0.0705,0.2589,0.0828,0.1255,BERT
ID-VA-0002,0.615,0.2316,0.3365,0.1365,0.0514,0.0747,0.2206,0.0831,0.1207,BERT
VR-TX-0450,0.7751,0.2147,0.3362,0.279,0.0772,0.1209,0.3073,0.0851,0.1333,BERT
PB-MO-0001,0.7744,0.2064,0.3259,0.2709,0.0721,0.1138,0.2869,0.0765,0.1208,BERT
CJ-ID-0003,0.6408,0.2179,0.3252,0.1834,0.0623,0.093,0.2677,0.091,0.1358,BERT
IM-FL-0018,0.6747,0.2142,0.3252,0.206,0.0653,0.0992,0.2575,0.0817,0.1241,BERT
ED-CA-0027,0.6586,0.2152,0.3244,0.1664,0.0543,0.0819,0.2417,0.079,0.119,BERT
JC-AZ-0016,0.7095,0.2087,0.3225,0.1431,0.042,0.065,0.2397,0.0705,0.1089,BERT
VR-RI-0022,0.7378,0.2024,0.3177,0.2535,0.0694,0.109,0.2854,0.0783,0.1229,BERT
EE-FL-0048,0.7052,0.2027,0.3149,0.1841,0.0528,0.0821,0.2608,0.075,0.1165,BERT
IM-PA-0017,0.6212,0.2074,0.311,0.1698,0.0566,0.0849,0.2353,0.0786,0.1178,BERT
PC-FL-0010,0.6544,0.2016,0.3083,0.2008,0.0618,0.0945,0.2638,0.0813,0.1243,BERT
ED-NY-0008,0.707,0.1963,0.3072,0.2075,0.0575,0.09,0.2721,0.0755,0.1182,BERT
CJ-OH-0002,0.7372,0.193,0.3059,0.2379,0.0621,0.0985,0.3269,0.0856,0.1356,BERT
IM-CA-0171,0.6667,0.1985,0.3059,0.1324,0.0394,0.0607,0.2222,0.0662,0.102,BERT
IM-MA-0016,0.7289,0.192,0.304,0.231,0.0607,0.0962,0.2653,0.0699,0.1106,BERT
JC-IL-0053,0.7127,0.1916,0.302,0.1824,0.049,0.0772,0.2763,0.0743,0.1171,BERT
NS-NY-0024,0.6556,0.194,0.2994,0.1771,0.0523,0.0808,0.2468,0.073,0.1127,BERT
JC-CA-0115,0.5895,0.1998,0.2984,0.1033,0.0349,0.0522,0.1953,0.0662,0.0989,BERT
PA-NY-0001,0.6995,0.1872,0.2954,0.2935,0.0784,0.1238,0.3264,0.0874,0.1379,BERT
CJ-IL-0001,0.732,0.1846,0.2949,0.2205,0.0555,0.0887,0.3028,0.0764,0.122,BERT
JI-FL-0002,0.6717,0.1853,0.2905,0.1957,0.0539,0.0845,0.2489,0.0687,0.1077,BERT
FH-NH-0001,0.7103,0.1824,0.2903,0.25,0.0641,0.102,0.3551,0.0912,0.1451,BERT
PB-IL-0006,0.7277,0.1796,0.288,0.2477,0.061,0.0979,0.3158,0.0779,0.125,BERT
IM-MD-0013,0.7207,0.1798,0.2879,0.2588,0.0645,0.1032,0.3474,0.0867,0.1388,BERT
PN-CA-0030,0.7248,0.1769,0.2843,0.2414,0.0588,0.0945,0.3342,0.0815,0.1311,BERT
IM-DC-0065,0.6748,0.1781,0.2818,0.1863,0.0491,0.0777,0.2689,0.071,0.1123,BERT
EE-NM-0037,0.7098,0.1757,0.2817,0.1614,0.0398,0.0639,0.3176,0.0786,0.1261,BERT
JC-WI-0009,0.7745,0.1718,0.2812,0.2956,0.0654,0.1071,0.3636,0.0806,0.132,BERT
IM-FL-0028,0.7178,0.1744,0.2806,0.24,0.0582,0.0936,0.2791,0.0678,0.1091,BERT
JC-NM-0003,0.7245,0.1674,0.2719,0.2353,0.0542,0.0882,0.2908,0.0672,0.1091,BERT
JC-CO-0003,0.6906,0.1692,0.2718,0.2159,0.0528,0.0848,0.2748,0.0673,0.1081,BERT
IM-DC-0083,0.6595,0.1692,0.2693,0.16,0.0409,0.0652,0.2883,0.074,0.1177,BERT
PC-IL-0042,0.6528,0.1689,0.2684,0.178,0.0459,0.073,0.2679,0.0693,0.1102,BERT
EE-CO-0007,0.6807,0.1656,0.2663,0.1985,0.0482,0.0776,0.2896,0.0704,0.1133,BERT
EE-AL-0006,0.7979,0.1592,0.2655,0.2832,0.0564,0.094,0.3798,0.0758,0.1264,BERT
IM-FL-0013,0.7049,0.1633,0.2652,0.2328,0.0538,0.0874,0.3152,0.073,0.1186,BERT
NS-CA-0007,0.7186,0.1609,0.263,0.256,0.0572,0.0935,0.3182,0.0713,0.1164,BERT
PN-NJ-0005,0.7027,0.1614,0.2625,0.2412,0.0553,0.0899,0.3297,0.0757,0.1232,BERT
EE-TX-0195,0.7071,0.1587,0.2592,0.2115,0.0473,0.0773,0.2929,0.0657,0.1073,BERT
PC-CO-0002,0.7229,0.1557,0.2562,0.1935,0.0416,0.0684,0.2811,0.0606,0.0996,BERT
VR-MI-0074,0.6143,0.1617,0.256,0.1527,0.0401,0.0636,0.2482,0.0653,0.1034,BERT
EE-KS-0015,0.7722,0.1507,0.2522,0.2607,0.0507,0.0849,0.331,0.0646,0.1081,BERT
EE-FL-0091,0.7264,0.1507,0.2496,0.186,0.0385,0.0638,0.2979,0.0618,0.1023,BERT
PB-FL-0009,0.7587,0.1489,0.2489,0.2661,0.0521,0.0871,0.3378,0.0663,0.1108,BERT
JI-LA-0007,0.55,0.1581,0.2456,0.1239,0.0355,0.0552,0.2382,0.0685,0.1064,BERT
FH-MS-0003,0.6677,0.1481,0.2424,0.2317,0.0513,0.084,0.2911,0.0646,0.1057,BERT
EE-IL-0075,0.6799,0.1449,0.2389,0.179,0.0381,0.0628,0.2691,0.0574,0.0946,BERT
EE-TX-0273,0.7671,0.1384,0.2345,0.211,0.0379,0.0643,0.347,0.0626,0.1061,BERT
EE-NV-0004,0.6811,0.1413,0.2341,0.1409,0.0292,0.0483,0.2649,0.055,0.091,BERT
PB-NM-0001,0.7013,0.137,0.2292,0.2082,0.0406,0.0679,0.3239,0.0633,0.1059,BERT
EE-TX-0372,0.7722,0.1325,0.2261,0.2791,0.0477,0.0815,0.3938,0.0675,0.1153,BERT
ID-CA-0005,0.7148,0.1317,0.2224,0.197,0.0362,0.0611,0.3185,0.0587,0.0991,BERT
EE-IL-0106,0.6705,0.1312,0.2194,0.1846,0.036,0.0603,0.3142,0.0615,0.1028,BERT
EE-CO-0006,0.693,0.1287,0.217,0.1916,0.0354,0.0598,0.3209,0.0596,0.1005,BERT
IM-KY-0001,0.772,0.1245,0.2144,0.2344,0.0376,0.0648,0.342,0.0551,0.095,BERT
EE-WA-0086,0.6929,0.1237,0.2099,0.1692,0.0301,0.0511,0.2884,0.0515,0.0874,BERT
EE-NY-0020,0.7163,0.1215,0.2077,0.1744,0.0295,0.0504,0.3475,0.0589,0.1008,BERT
DR-CO-0009,0.7683,0.1169,0.2029,0.2209,0.0334,0.0581,0.3659,0.0557,0.0966,BERT
EE-CA-0352,0.7333,0.1163,0.2008,0.2636,0.0417,0.072,0.3625,0.0575,0.0993,BERT
PN-CA-0044,0.7004,0.1172,0.2008,0.1695,0.0283,0.0485,0.2869,0.048,0.0823,BERT
EE-NY-0146,0.5597,0.118,0.1949,0.1062,0.0223,0.0369,0.2423,0.0511,0.0844,BERT
EE-TX-0057,0.7811,0.1102,0.1931,0.2371,0.0333,0.0584,0.382,0.0539,0.0944,BERT
FH-WA-0002,0.6434,0.113,0.1922,0.2023,0.0354,0.0603,0.2713,0.0477,0.0811,BERT
EE-LA-0013,0.8082,0.1068,0.1886,0.2615,0.0344,0.0608,0.3653,0.0483,0.0852,BERT
EE-MD-0099,0.713,0.1081,0.1878,0.2512,0.0379,0.0659,0.412,0.0625,0.1085,BERT
EE-TX-0095,0.8061,0.1024,0.1817,0.2561,0.0324,0.0575,0.4,0.0508,0.0902,BERT
EE-FL-0032,0.6989,0.1002,0.1753,0.1946,0.0278,0.0486,0.3226,0.0463,0.0809,BERT
NH-PA-0002,0.6844,0.0994,0.1736,0.2171,0.0314,0.0549,0.3688,0.0536,0.0935,BERT
JC-IL-0038,0.7401,0.0969,0.1714,0.2102,0.0274,0.0485,0.3898,0.051,0.0903,BERT
EE-NY-0031,0.6486,0.098,0.1702,0.1522,0.0229,0.0398,0.2865,0.0433,0.0752,BERT
JC-IL-0028,0.7126,0.0962,0.1695,0.2428,0.0326,0.0575,0.3621,0.0489,0.0861,BERT
EE-NC-0125,0.8083,0.0922,0.1655,0.3438,0.039,0.0701,0.456,0.052,0.0934,BERT
EE-WA-0029,0.7816,0.0923,0.165,0.2293,0.0269,0.0482,0.3786,0.0447,0.08,BERT
EE-CA-0040,0.658,0.0944,0.165,0.1719,0.0245,0.0429,0.3109,0.0446,0.078,BERT
EE-PR-0006,0.7189,0.0917,0.1627,0.2228,0.0283,0.0502,0.3189,0.0407,0.0722,BERT
EE-FL-0046,0.7295,0.0884,0.1576,0.233,0.0281,0.0502,0.3478,0.0421,0.0752,BERT
EE-NY-0025,0.7881,0.0867,0.1562,0.2933,0.0321,0.0578,0.3841,0.0422,0.0761,BERT
DR-CO-0019,0.741,0.087,0.1557,0.2848,0.0333,0.0596,0.4036,0.0474,0.0848,BERT
EE-IL-0082,0.7744,0.0865,0.1556,0.362,0.0402,0.0724,0.4756,0.0531,0.0956,BERT
EE-TX-0459,0.5941,0.084,0.1472,0.1598,0.0225,0.0394,0.3294,0.0466,0.0816,BERT
PC-NJ-0021,0.7396,0.0806,0.1454,0.1726,0.0187,0.0338,0.3728,0.0406,0.0733,BERT
EE-CA-0079,0.7772,0.0787,0.1429,0.2623,0.0264,0.048,0.3641,0.0369,0.0669,BERT
EE-LA-0061,0.792,0.0737,0.1348,0.25,0.0231,0.0423,0.352,0.0327,0.0599,BERT
EE-IL-0166,0.8561,0.0725,0.1336,0.4203,0.0353,0.0652,0.4964,0.042,0.0775,BERT
EE-CA-0039,0.761,0.0732,0.1336,0.2722,0.026,0.0475,0.3774,0.0363,0.0662,BERT
EE-IL-0149,0.6828,0.0736,0.1328,0.1875,0.0201,0.0363,0.3586,0.0386,0.0698,BERT
EE-LA-0028,0.7975,0.0717,0.1315,0.2994,0.0268,0.0491,0.4051,0.0364,0.0668,BERT
EE-AZ-0067,0.581,0.0733,0.1302,0.1292,0.0162,0.0288,0.3073,0.0388,0.0688,BERT
EE-FL-0061,0.6528,0.0722,0.13,0.2448,0.0269,0.0486,0.3523,0.039,0.0702,BERT
FA-LA-0001,0.7338,0.069,0.1262,0.2029,0.019,0.0347,0.3957,0.0372,0.068,BERT
EE-AL-0086,0.7769,0.0621,0.1151,0.225,0.0179,0.0331,0.3884,0.0311,0.0575,BERT
EE-CA-0214,0.7177,0.0588,0.1087,0.2358,0.0192,0.0355,0.3871,0.0317,0.0586,BERT
EE-MO-0105,0.046,0.4717,0.0838,0.0147,0.1538,0.0269,0.0312,0.3208,0.057,T5
EE-MI-0138,0.05,0.1892,0.0791,0.0144,0.0556,0.0229,0.0429,0.1622,0.0678,T5
EE-FL-0124,0.0649,0.5556,0.1163,0.013,0.1132,0.0233,0.0411,0.3519,0.0736,T5
DR-TX-0003,0.0544,0.549,0.0989,0.0078,0.08,0.0142,0.035,0.3529,0.0636,T5
EE-GA-0095,0.1656,0.52,0.2512,0.0449,0.1429,0.0683,0.0955,0.3,0.1449,T5
JI-OH-0011,0.0529,0.338,0.0914,0.0022,0.0143,0.0038,0.033,0.2113,0.0571,T5
PB-DC-0011,0.0684,0.7222,0.125,0.0185,0.2,0.0338,0.0447,0.4722,0.0817,T5
PC-SD-0001,0.0318,0.7241,0.0609,0.0167,0.3929,0.032,0.0272,0.6207,0.0522,T5
EE-LA-0061,0.096,0.2105,0.1319,0.0,0.0,0.0,0.08,0.1754,0.1099,T5
EE-MI-0149,0.0169,0.375,0.0324,0.0,0.0,0.0,0.0113,0.25,0.0216,T5
FA-LA-0001,0.0863,0.3333,0.1371,0.0145,0.0571,0.0231,0.0647,0.25,0.1029,T5
PC-NJ-0024,0.0649,0.6207,0.1175,0.0181,0.1754,0.0327,0.0486,0.4655,0.0881,T5
PC-NJ-0021,0.0118,0.0909,0.0209,0.0,0.0,0.0,0.0059,0.0455,0.0105,T5
EE-CA-0214,0.1855,0.3286,0.2371,0.0244,0.0435,0.0313,0.129,0.2286,0.1649,T5
JC-CA-0115,0.0307,0.4474,0.0575,0.0109,0.1622,0.0204,0.0271,0.3947,0.0508,T5
EE-NY-0025,0.1126,0.3953,0.1753,0.0333,0.119,0.0521,0.0795,0.2791,0.1237,T5
PA-CA-0002,0.0582,0.6709,0.1072,0.0055,0.0641,0.0101,0.0374,0.4304,0.0688,T5
JI-FL-0002,0.0644,0.4615,0.113,0.0043,0.0312,0.0076,0.0494,0.3538,0.0866,T5
EE-IL-0106,0.0575,0.3846,0.1,0.0154,0.1053,0.0268,0.046,0.3077,0.08,T5
EE-NY-0041,0.1795,0.3621,0.24,0.0431,0.0877,0.0578,0.1368,0.2759,0.1829,T5
EE-CA-0079,0.0435,0.2051,0.0717,0.0,0.0,0.0,0.038,0.1795,0.0628,T5
EE-AZ-0009,0.0337,0.5227,0.0634,0.0029,0.0465,0.0055,0.0235,0.3636,0.0441,T5
DR-CA-0001,0.0312,0.7241,0.0597,0.0059,0.1429,0.0114,0.0208,0.4828,0.0398,T5
ID-VA-0002,0.016,0.48,0.031,0.0013,0.0417,0.0026,0.0134,0.4,0.0259,T5
CJ-ID-0003,0.0639,0.5522,0.1146,0.0173,0.1515,0.0311,0.0432,0.3731,0.0774,T5
JC-NM-0003,0.023,0.225,0.0417,0.0,0.0,0.0,0.0204,0.2,0.037,T5
NS-NY-0024,0.07,0.6667,0.1267,0.0129,0.125,0.0234,0.0442,0.4211,0.08,T5
PB-CA-0048,0.0721,0.8395,0.1328,0.0096,0.1125,0.0176,0.0435,0.5062,0.0801,T5
FH-NC-0002,0.121,0.68,0.2054,0.0214,0.1224,0.0365,0.0854,0.48,0.145,T5
IM-MD-0013,0.0798,0.5667,0.1399,0.0259,0.1864,0.0455,0.054,0.3833,0.0947,T5
FA-GA-0001,0.0356,0.7193,0.0678,0.0061,0.125,0.0116,0.0243,0.4912,0.0463,T5
EE-AR-0025,0.2195,0.3803,0.2784,0.0902,0.1571,0.1146,0.1789,0.3099,0.2268,T5
IM-CA-0104,0.0164,0.5854,0.032,0.0,0.0,0.0,0.0137,0.4878,0.0267,T5
CJ-OH-0002,0.0769,0.4286,0.1304,0.0096,0.0545,0.0164,0.0545,0.3036,0.0924,T5
EE-UT-0013,0.1287,0.5,0.2047,0.0176,0.0698,0.0282,0.0877,0.3409,0.1395,T5
EE-FL-0091,0.1003,0.5323,0.1688,0.0152,0.082,0.0257,0.0729,0.3871,0.1228,T5
EE-TX-0273,0.1187,0.4062,0.1837,0.0046,0.0159,0.0071,0.0685,0.2344,0.106,T5
EE-NY-0020,0.1206,0.68,0.2048,0.0463,0.2653,0.0788,0.078,0.44,0.1325,T5
EE-FL-0065,0.0828,0.2955,0.1294,0.0064,0.0233,0.0101,0.0637,0.2273,0.0995,T5
FA-DC-0006,0.1242,0.7037,0.2111,0.0262,0.1509,0.0447,0.0817,0.463,0.1389,T5
EE-PA-0138,0.1197,0.3091,0.1726,0.0284,0.0741,0.041,0.0915,0.2364,0.132,T5
IM-MA-0016,0.0787,0.6923,0.1414,0.0234,0.2105,0.0421,0.0554,0.4872,0.0995,T5
PB-MA-0011,0.031,0.7,0.0593,0.0089,0.2051,0.017,0.0232,0.525,0.0445,T5
EE-WA-0086,0.0375,0.2083,0.0635,0.0,0.0,0.0,0.03,0.1667,0.0508,T5
FH-DC-0009,0.0198,0.7714,0.0386,0.0066,0.2647,0.0129,0.0132,0.5143,0.0258,T5
EE-NV-0034,0.073,0.1724,0.1026,0.0147,0.0351,0.0207,0.0511,0.1207,0.0718,T5
EE-AR-0063,0.0844,0.5098,0.1448,0.0261,0.16,0.0448,0.0584,0.3529,0.1003,T5
IM-DC-0090,0.0371,0.6364,0.0702,0.0018,0.0308,0.0033,0.0248,0.4242,0.0468,T5
PN-AZ-0002,0.0802,0.3684,0.1318,0.0,0.0,0.0,0.0573,0.2632,0.0941,T5
NS-CA-0016,0.0412,0.4474,0.0754,0.0024,0.027,0.0045,0.0315,0.3421,0.0576,T5
EE-AL-0086,0.0992,0.1791,0.1277,0.0,0.0,0.0,0.0909,0.1642,0.117,T5
PN-WI-0001,0.0494,0.6444,0.0918,0.0,0.0,0.0,0.029,0.3778,0.0538,T5
CJ-FL-0009,0.019,0.569,0.0367,0.0012,0.0351,0.0022,0.0127,0.3793,0.0245,T5
SD-KS-0001,0.0153,0.8387,0.0301,0.005,0.2787,0.0098,0.0124,0.6774,0.0243,T5
EE-TX-0357,0.1419,0.3387,0.2,0.0272,0.0656,0.0385,0.1081,0.2581,0.1524,T5
IM-TX-0053,0.0195,0.6154,0.0377,0.0,0.0,0.0,0.0146,0.4615,0.0283,T5
PC-IL-0042,0.0943,0.463,0.1567,0.0114,0.0566,0.0189,0.0717,0.3519,0.1191,T5
PB-CA-0016,0.0005,0.0088,0.0009,0.0,0.0,0.0,0.0005,0.0088,0.0009,T5
ED-HI-0003,0.0838,0.7101,0.1498,0.0171,0.1471,0.0307,0.0581,0.4928,0.104,T5
DR-CO-0019,0.1024,0.4146,0.1643,0.0182,0.075,0.0293,0.0783,0.3171,0.1256,T5
EE-IN-0121,0.1124,0.5507,0.1867,0.0148,0.0735,0.0247,0.0858,0.4203,0.1425,T5
JC-TX-0020,0.0361,0.6,0.0681,0.0067,0.1136,0.0126,0.0254,0.4222,0.0479,T5
EE-PR-0006,0.1189,0.3492,0.1774,0.0272,0.0806,0.0407,0.0703,0.2063,0.1048,T5
JC-IL-0038,0.0904,0.4324,0.1495,0.0114,0.0556,0.0189,0.0621,0.2973,0.1028,T5
FA-NY-0007,0.0477,0.4937,0.087,0.0024,0.0256,0.0045,0.0379,0.3924,0.0691,T5
EE-PA-0168,0.1273,0.4118,0.1944,0.0061,0.02,0.0093,0.0727,0.2353,0.1111,T5
EE-CO-0007,0.0644,0.4561,0.1128,0.0074,0.0536,0.0131,0.0495,0.3509,0.0868,T5
PN-NY-0014,0.0092,0.8095,0.0182,0.0038,0.3415,0.0075,0.0076,0.6667,0.015,T5
NS-CA-0008,0.0418,0.7872,0.0794,0.0226,0.4348,0.043,0.0316,0.5957,0.0601,T5
PC-GA-0017,0.0324,0.5714,0.0613,0.0081,0.1471,0.0154,0.0227,0.4,0.0429,T5
IM-FL-0028,0.0736,0.375,0.1231,0.0092,0.0476,0.0155,0.0552,0.2812,0.0923,T5
IM-NY-0053,0.0184,0.7258,0.0358,0.0033,0.1311,0.0064,0.0147,0.5806,0.0287,T5
EE-TX-0425,0.1401,0.7632,0.2367,0.0631,0.3514,0.107,0.0725,0.3947,0.1224,T5
ED-NY-0008,0.0488,0.42,0.0875,0.0047,0.0408,0.0084,0.0419,0.36,0.075,T5
VR-MI-0074,0.0295,0.2857,0.0535,0.0,0.0,0.0,0.0246,0.2381,0.0445,T5
VR-RI-0022,0.0626,0.6136,0.1137,0.0186,0.186,0.0338,0.0394,0.3864,0.0716,T5
FH-MS-0003,0.0728,0.5349,0.1281,0.0159,0.119,0.028,0.0475,0.3488,0.0836,T5
PC-CO-0002,0.1165,0.5472,0.1921,0.0282,0.1346,0.0467,0.0843,0.3962,0.1391,T5
PA-NY-0001,0.0855,0.7857,0.1542,0.0312,0.2927,0.0563,0.0544,0.5,0.0981,T5
PB-DC-0010,0.022,0.6944,0.0426,0.0035,0.1143,0.0068,0.0158,0.5,0.0307,T5
FA-DC-0020,0.0467,0.68,0.0874,0.0165,0.2449,0.0309,0.0302,0.44,0.0566,T5
ED-CA-0027,0.0831,0.5978,0.1459,0.0242,0.1758,0.0426,0.071,0.5109,0.1247,T5
JC-NM-0006,0.0658,0.6304,0.1191,0.025,0.2444,0.0454,0.0499,0.4783,0.0903,T5
DR-MO-0001,0.0249,0.7381,0.0482,0.0064,0.1951,0.0125,0.0185,0.5476,0.0358,T5
CJ-IL-0001,0.0784,0.6429,0.1398,0.0175,0.1455,0.0312,0.0523,0.4286,0.0932,T5
NH-MO-0001,0.0452,0.8246,0.0857,0.0212,0.3929,0.0402,0.0317,0.5789,0.0602,T5
EE-WA-0025,0.0054,0.0088,0.0067,0.0,0.0,0.0,0.0054,0.0088,0.0067,T5
PC-OH-0010,0.0365,0.7812,0.0697,0.0102,0.2258,0.0196,0.0248,0.5312,0.0474,T5
MH-ID-0003,0.0887,0.7121,0.1577,0.0284,0.2308,0.0505,0.0642,0.5152,0.1141,T5
EE-AL-0006,0.0627,0.3103,0.1043,0.0,0.0,0.0,0.0523,0.2586,0.087,T5
CW-NV-0001,0.0395,0.5,0.0733,0.0053,0.0678,0.0098,0.0303,0.3833,0.0562,T5
EE-KS-0015,0.0712,0.3571,0.1187,0.0036,0.0182,0.006,0.0534,0.2679,0.089,T5
FH-WA-0002,0.0543,0.4242,0.0962,0.0039,0.0312,0.0069,0.0349,0.2727,0.0619,T5
IM-NY-0047,0.0907,0.5909,0.1573,0.028,0.1846,0.0486,0.0581,0.3788,0.1008,T5
EE-MD-0099,0.1204,0.4906,0.1933,0.0186,0.0769,0.03,0.0694,0.283,0.1115,T5
IM-PA-0017,0.0847,0.5455,0.1466,0.0212,0.1385,0.0368,0.0682,0.4394,0.1181,T5
EE-AL-0057,0.2081,0.4627,0.287,0.0338,0.0758,0.0467,0.1275,0.2836,0.1759,T5
EE-PA-0147,0.1987,0.4545,0.2765,0.0267,0.0615,0.0372,0.106,0.2424,0.1475,T5
PN-CA-0044,0.0928,0.3793,0.1492,0.0,0.0,0.0,0.0506,0.2069,0.0814,T5
IM-TX-0027,0.0367,0.5769,0.069,0.0037,0.0588,0.0069,0.0281,0.4423,0.0529,T5
EE-CA-0111,0.0798,0.4688,0.1364,0.016,0.0968,0.0275,0.0532,0.3125,0.0909,T5
PC-NY-0048,0.0452,0.65,0.0846,0.0157,0.2308,0.0294,0.0365,0.525,0.0683,T5
EE-TX-0372,0.0463,0.24,0.0777,0.0,0.0,0.0,0.0386,0.2,0.0647,T5
EE-IL-0082,0.1341,0.4681,0.2085,0.0368,0.1304,0.0574,0.0915,0.3191,0.1422,T5
EE-CA-0348,0.0553,0.6269,0.1017,0.0106,0.1212,0.0194,0.0408,0.4627,0.0751,T5
EE-TX-0243,0.208,0.5532,0.3023,0.0484,0.1304,0.0706,0.088,0.234,0.1279,T5
JC-CO-0003,0.0446,0.3273,0.0784,0.0074,0.0556,0.0131,0.0421,0.3091,0.0741,T5
CJ-NY-0013,0.042,0.825,0.0799,0.0166,0.3333,0.0316,0.0293,0.575,0.0557,T5
PC-CO-0028,0.0521,0.6087,0.096,0.0087,0.1029,0.016,0.0397,0.4638,0.0731,T5
IM-PA-0016,0.0226,0.8814,0.044,0.0082,0.3276,0.0161,0.0178,0.6949,0.0347,T5
PR-MI-0002,0.0401,0.5397,0.0746,0.0024,0.0323,0.0044,0.0283,0.381,0.0527,T5
IM-CA-0171,0.0524,0.5319,0.0954,0.021,0.2174,0.0383,0.0356,0.3617,0.0649,T5
NS-CA-0007,0.0736,0.5965,0.131,0.0195,0.1607,0.0348,0.0541,0.4386,0.0963,T5
EE-GU-0001,0.0951,0.5156,0.1606,0.0029,0.0159,0.0049,0.0548,0.2969,0.0925,T5
CJ-WA-0001,0.0475,0.9143,0.0903,0.0141,0.2754,0.0268,0.0371,0.7143,0.0705,T5
IM-CA-0108,0.024,0.7069,0.0465,0.0018,0.0526,0.0034,0.0205,0.6034,0.0397,T5
PN-IL-0009,0.0257,0.525,0.0491,0.0012,0.0256,0.0023,0.0196,0.4,0.0374,T5
FA-IL-0016,0.0709,0.6727,0.1282,0.0211,0.2037,0.0383,0.0517,0.4909,0.0936,T5
EE-NV-0004,0.0027,0.0088,0.0041,0.0,0.0,0.0,0.0027,0.0088,0.0041,T5
PC-FL-0010,0.0613,0.5455,0.1103,0.0123,0.1111,0.0221,0.0409,0.3636,0.0735,T5
EE-AZ-0064,0.1111,0.4255,0.1762,0.0,0.0,0.0,0.0667,0.2553,0.1057,T5
CJ-TX-0007,0.0501,0.7317,0.0938,0.0134,0.2,0.0251,0.0317,0.4634,0.0594,T5
EE-IA-0003,0.1008,0.2857,0.1491,0.0254,0.0732,0.0377,0.0924,0.2619,0.1366,T5
JC-MA-0019,0.072,0.8088,0.1322,0.0249,0.2836,0.0458,0.0484,0.5441,0.0889,T5
IM-NY-0024,0.0735,0.6471,0.1319,0.0134,0.1194,0.0241,0.0501,0.4412,0.09,T5
IM-MA-0009,0.0835,0.6618,0.1483,0.0149,0.1194,0.0264,0.0482,0.3824,0.0857,T5
DR-UT-0001,0.0645,0.6667,0.1176,0.0108,0.1136,0.0197,0.0473,0.4889,0.0863,T5
PC-MI-0003,0.0138,0.7368,0.027,0.0054,0.2973,0.0106,0.0123,0.6579,0.0241,T5
DR-PA-0006,0.0502,0.8333,0.0946,0.0167,0.283,0.0316,0.0357,0.5926,0.0673,T5
PR-DC-0003,0.084,0.5658,0.1463,0.0078,0.0533,0.0137,0.0508,0.3421,0.0884,T5
CJ-AL-0001,0.1266,0.2857,0.1754,0.0127,0.029,0.0177,0.1013,0.2286,0.1404,T5
PN-MI-0013,0.0442,0.7073,0.0832,0.0137,0.225,0.0259,0.0335,0.5366,0.0631,T5
JC-NM-0010,0.0463,0.66,0.0866,0.0183,0.2653,0.0342,0.0379,0.54,0.0709,T5
VR-VA-0067,0.06,0.5676,0.1085,0.0186,0.1781,0.0337,0.0486,0.4595,0.0879,T5
IM-NY-0054,0.1414,0.7885,0.2398,0.0415,0.2353,0.0706,0.0862,0.4808,0.1462,T5
IM-AL-0010,0.0545,0.6222,0.1002,0.0097,0.1136,0.018,0.0447,0.5111,0.0823,T5
FH-DC-0011,0.0265,0.4828,0.0502,0.0038,0.0702,0.0072,0.0237,0.431,0.0448,T5
PN-OR-0004,0.0433,0.7317,0.0817,0.0246,0.425,0.0464,0.0303,0.5122,0.0572,T5
IM-IL-0024,0.0161,0.6528,0.0314,0.0027,0.1127,0.0053,0.014,0.5694,0.0274,T5
IM-NY-0071,0.0453,0.8611,0.0861,0.0205,0.4,0.039,0.0307,0.5833,0.0583,T5
EE-CO-0006,0.1163,0.3731,0.1773,0.0234,0.0758,0.0357,0.0698,0.2239,0.1064,T5
JC-OR-0010,0.0345,0.6809,0.0656,0.0032,0.0652,0.0062,0.0269,0.5319,0.0513,T5
EE-FL-0032,0.0914,0.4857,0.1538,0.0216,0.1176,0.0365,0.0538,0.2857,0.0905,T5
JC-IL-0028,0.1494,0.5417,0.2342,0.0289,0.1064,0.0455,0.0977,0.3542,0.1532,T5
EE-FL-0046,0.1208,0.4717,0.1923,0.0146,0.0577,0.0233,0.0773,0.3019,0.1231,T5
PN-DC-0012,0.1088,0.64,0.186,0.0444,0.2653,0.076,0.0884,0.52,0.1512,T5
ID-CA-0005,0.0778,0.4468,0.1325,0.0223,0.1304,0.0381,0.0481,0.2766,0.082,T5
EE-IL-0166,0.1727,0.3243,0.2254,0.0072,0.0137,0.0095,0.1223,0.2297,0.1596,T5
JC-WI-0009,0.0764,0.42,0.1292,0.0146,0.0816,0.0248,0.0582,0.32,0.0985,T5
DR-CA-0054,0.1143,0.7,0.1966,0.02,0.1236,0.0344,0.0708,0.4333,0.1217,T5
PC-NJ-0026,0.0208,0.5636,0.0402,0.004,0.1111,0.0078,0.0161,0.4364,0.0311,T5
EE-FL-0048,0.0703,0.6078,0.126,0.0091,0.08,0.0163,0.0499,0.4314,0.0894,T5
PN-CA-0030,0.0639,0.6047,0.1156,0.0099,0.0952,0.0179,0.0418,0.3953,0.0756,T5
IM-GA-0014,0.0777,0.6769,0.1395,0.0212,0.1875,0.0382,0.0601,0.5231,0.1078,T5
JC-MD-0007,0.0306,0.66,0.0586,0.0056,0.1224,0.0107,0.0204,0.44,0.039,T5
DR-DC-0007,0.0464,0.5472,0.0855,0.0032,0.0385,0.0059,0.0304,0.3585,0.056,T5
EE-AL-0119,0.0579,0.1964,0.0894,0.0053,0.0182,0.0082,0.0474,0.1607,0.0732,T5
PB-FL-0015,0.0376,0.5357,0.0703,0.0063,0.0909,0.0118,0.0314,0.4464,0.0586,T5
EE-AZ-0067,0.0782,0.28,0.1223,0.0,0.0,0.0,0.0559,0.2,0.0873,T5
JC-IL-0006,0.0443,0.7381,0.0836,0.0086,0.1463,0.0162,0.03,0.5,0.0566,T5
CJ-MI-0008,0.0463,0.52,0.0851,0.0,0.0,0.0,0.0321,0.36,0.0589,T5
PB-MO-0001,0.0724,0.6667,0.1307,0.0196,0.1842,0.0354,0.0474,0.4359,0.0854,T5
EE-FL-0072,0.117,0.3774,0.1786,0.0059,0.0192,0.009,0.076,0.2453,0.1161,T5
EE-WI-0031,0.1132,0.5455,0.1875,0.0063,0.0312,0.0105,0.0755,0.3636,0.125,T5
EE-TX-0253,0.107,0.4444,0.1724,0.0108,0.0455,0.0174,0.0642,0.2667,0.1034,T5
EE-LA-0013,0.0822,0.4186,0.1374,0.0046,0.0238,0.0077,0.0594,0.3023,0.0992,T5
EE-TX-0459,0.1059,0.5143,0.1756,0.0118,0.0588,0.0197,0.0706,0.3429,0.1171,T5
PA-NC-0004,0.031,0.6364,0.0592,0.003,0.0615,0.0056,0.02,0.4091,0.0381,T5
EE-TX-0057,0.0472,0.3333,0.0827,0.0,0.0,0.0,0.0386,0.2727,0.0677,T5
EE-IL-0075,0.0538,0.5429,0.0979,0.0028,0.0294,0.0052,0.0368,0.3714,0.067,T5
PC-MA-0032,0.16,0.6957,0.2602,0.0302,0.1333,0.0492,0.105,0.4565,0.1707,T5
IM-MD-0001,0.0849,0.5349,0.1465,0.0148,0.0952,0.0256,0.0554,0.3488,0.0955,T5
EE-TX-0055,0.0305,0.0976,0.0465,0.0,0.0,0.0,0.0305,0.0976,0.0465,T5
EE-NC-0095,0.0979,0.3182,0.1497,0.0282,0.093,0.0432,0.0839,0.2727,0.1283,T5
VR-TX-0450,0.0824,0.5362,0.1429,0.0223,0.1471,0.0388,0.0535,0.3478,0.0927,T5
DR-CO-0001,0.0437,0.7391,0.0825,0.0142,0.2444,0.0268,0.0321,0.5435,0.0607,T5
ID-CT-0002,0.0802,0.6,0.1416,0.0124,0.0938,0.0219,0.0494,0.3692,0.0871,T5
EE-MI-0069,0.1596,0.3659,0.2222,0.043,0.1,0.0602,0.0957,0.2195,0.1333,T5
DR-TN-0001,0.0408,0.566,0.076,0.0095,0.1346,0.0178,0.0326,0.4528,0.0608,T5
NS-MI-0003,0.0553,0.7544,0.103,0.0103,0.1429,0.0192,0.0334,0.4561,0.0623,T5
JC-CO-0008,0.06,0.3827,0.1037,0.0019,0.0125,0.0034,0.0464,0.2963,0.0803,T5
CW-CA-0005,0.0473,0.8082,0.0894,0.012,0.2083,0.0228,0.0305,0.5205,0.0576,T5
NS-DC-0077,0.0847,0.8333,0.1538,0.0442,0.4483,0.0805,0.061,0.6,0.1108,T5
EE-TX-0354,0.1543,0.3971,0.2222,0.0172,0.0448,0.0249,0.1086,0.2794,0.1564,T5
DR-PA-0001,0.0138,0.2807,0.0262,0.0,0.0,0.0,0.0112,0.2281,0.0213,T5
NS-VA-0004,0.031,0.7674,0.0597,0.0169,0.4286,0.0326,0.0226,0.5581,0.0434,T5
EE-MO-0002,0.0314,0.7,0.0601,0.009,0.2051,0.0172,0.0224,0.5,0.0429,T5
PB-MI-0026,0.0517,0.7949,0.097,0.0225,0.3506,0.0423,0.04,0.6154,0.0751,T5
IM-GA-0017,0.009,0.6176,0.0177,0.0004,0.0303,0.0008,0.0068,0.4706,0.0135,T5
EE-CA-0352,0.1375,0.6346,0.226,0.0209,0.098,0.0345,0.0958,0.4423,0.1575,T5
PB-FL-0009,0.0509,0.5,0.0925,0.0054,0.0541,0.0098,0.0349,0.3421,0.0633,T5
EE-IL-0149,0.1655,0.3529,0.2254,0.0347,0.0746,0.0474,0.1241,0.2647,0.169,T5
JC-IL-0053,0.0811,0.5362,0.141,0.0154,0.1029,0.0268,0.0504,0.3333,0.0876,T5
PC-MS-0001,0.0202,0.6716,0.0391,0.0076,0.2576,0.0148,0.017,0.5672,0.033,T5
EE-LA-0004,0.14,0.3111,0.1931,0.0303,0.0682,0.042,0.11,0.2444,0.1517,T5
IM-FL-0013,0.086,0.5769,0.1496,0.0287,0.1961,0.0501,0.0573,0.3846,0.0998,T5
EE-NC-0130,0.1435,0.569,0.2292,0.0524,0.2105,0.0839,0.0913,0.3621,0.1458,T5
FA-MI-0019,0.0671,0.6825,0.1222,0.0109,0.1129,0.0199,0.0468,0.4762,0.0852,T5
PB-IL-0006,0.0778,0.5862,0.1374,0.0046,0.0351,0.0081,0.0458,0.3448,0.0808,T5
PN-CA-0023,0.0285,0.9149,0.0553,0.0119,0.3913,0.0232,0.0239,0.766,0.0463,T5
PB-NM-0001,0.0723,0.6053,0.1292,0.0284,0.2432,0.0508,0.0535,0.4474,0.0955,T5
PC-UT-0003,0.0747,0.6792,0.1346,0.027,0.25,0.0488,0.0602,0.5472,0.1084,T5
EE-CA-0039,0.0063,0.0088,0.0073,0.0,0.0,0.0,0.0063,0.0088,0.0073,T5
IM-NY-0007,0.0262,0.5345,0.05,0.0042,0.0877,0.0081,0.0178,0.3621,0.0338,T5
EE-CA-0085,0.0374,0.1429,0.0593,0.0,0.0,0.0,0.0327,0.125,0.0519,T5
EE-IL-0282,0.0485,0.6,0.0898,0.0074,0.0926,0.0136,0.0338,0.4182,0.0626,T5
JI-SC-0001,0.039,0.6279,0.0735,0.0087,0.1429,0.0164,0.0318,0.5116,0.0599,T5
VR-DC-1168,0.0375,0.629,0.0707,0.0135,0.2295,0.0254,0.0307,0.5161,0.058,T5
JI-LA-0007,0.0441,0.2727,0.0759,0.0029,0.0185,0.0051,0.0441,0.2727,0.0759,T5
EE-NY-0194,0.1326,0.5714,0.2152,0.0333,0.1463,0.0543,0.0884,0.381,0.1435,T5
IM-NY-0060,0.0353,0.35,0.0641,0.0051,0.0508,0.0092,0.0303,0.3,0.055,T5
EE-WA-0029,0.0049,0.0088,0.0062,0.0,0.0,0.0,0.0049,0.0088,0.0062,T5
EE-CA-0030,0.0054,0.0088,0.0067,0.0,0.0,0.0,0.0054,0.0088,0.0067,T5
PN-NJ-0005,0.0973,0.5373,0.1648,0.0108,0.0606,0.0184,0.0514,0.2836,0.087,T5
IM-GA-0008,0.0244,0.6857,0.0471,0.0051,0.1471,0.0098,0.0183,0.5143,0.0353,T5
EE-CA-0040,0.0829,0.2581,0.1255,0.0052,0.0164,0.0079,0.0622,0.1935,0.0941,T5
NS-DC-0115,0.0483,0.7541,0.0908,0.0189,0.3,0.0356,0.0357,0.5574,0.0671,T5
IM-NY-0072,0.024,0.6393,0.0462,0.0031,0.0833,0.0059,0.0197,0.5246,0.0379,T5
PC-MI-0009,0.0384,0.7727,0.0732,0.0124,0.2558,0.0237,0.0294,0.5909,0.056,T5
EE-MI-0048,0.1016,0.5161,0.1698,0.0191,0.0984,0.032,0.0889,0.4516,0.1485,T5
EE-NC-0125,0.0777,0.4054,0.1304,0.0052,0.0278,0.0088,0.0466,0.2432,0.0783,T5
EE-NY-0031,0.1027,0.4419,0.1667,0.0109,0.0476,0.0177,0.0703,0.3023,0.114,T5
JI-NM-0003,0.039,0.5625,0.0729,0.0087,0.129,0.0163,0.0281,0.4062,0.0526,T5
PN-NY-0011,0.0915,0.6774,0.1612,0.0175,0.1311,0.0308,0.061,0.4516,0.1075,T5
EE-NM-0037,0.0902,0.5111,0.1533,0.0039,0.0227,0.0067,0.0627,0.3556,0.1067,T5
FH-SD-0001,0.1503,0.5273,0.2339,0.0365,0.1296,0.0569,0.0829,0.2909,0.129,T5
FH-NH-0001,0.0935,0.4412,0.1542,0.0281,0.1343,0.0465,0.0685,0.3235,0.1131,T5
CJ-MO-0001,0.0347,0.907,0.0669,0.0178,0.4762,0.0344,0.0276,0.7209,0.0532,T5
ED-SD-0002,0.0515,0.493,0.0932,0.0074,0.0714,0.0134,0.0338,0.3239,0.0613,T5
IM-DC-0065,0.0416,0.3148,0.0734,0.0025,0.0189,0.0043,0.0342,0.2593,0.0605,T5
IM-CT-0009,0.0567,0.4516,0.1007,0.0041,0.0328,0.0072,0.0405,0.3226,0.0719,T5
JI-CT-0004,0.0329,0.6935,0.0628,0.0077,0.1639,0.0146,0.0207,0.4355,0.0394,T5
NH-PA-0002,0.0638,0.4737,0.1125,0.0142,0.1081,0.0252,0.0603,0.4474,0.1062,T5
EE-FL-0061,0.0363,0.5833,0.0683,0.0,0.0,0.0,0.0259,0.4167,0.0488,T5
PN-MI-0002,0.0611,0.7632,0.1131,0.0148,0.1892,0.0274,0.0505,0.6316,0.0936,T5
EE-TX-0179,0.2695,0.5135,0.3535,0.1071,0.2055,0.1408,0.1986,0.3784,0.2605,T5
EE-IL-0123,0.0018,0.0345,0.0035,0.0,0.0,0.0,0.0018,0.0345,0.0035,T5
IM-DC-0083,0.0706,0.4107,0.1204,0.0123,0.0727,0.0211,0.0491,0.2857,0.0838,T5
EE-TX-0195,0.05,0.4118,0.0892,0.0,0.0,0.0,0.0393,0.3235,0.0701,T5
IM-FL-0018,0.0599,0.566,0.1083,0.01,0.0962,0.0181,0.0419,0.3962,0.0758,T5
DR-CO-0009,0.1098,0.3273,0.1644,0.0184,0.0556,0.0276,0.0732,0.2182,0.1096,T5
JC-AZ-0016,0.0159,0.3226,0.0303,0.0,0.0,0.0,0.0127,0.2581,0.0242,T5
EE-TX-0095,0.0606,0.3571,0.1036,0.0,0.0,0.0,0.0485,0.2857,0.0829,T5
PN-AZ-0001,0.0454,0.7083,0.0853,0.0071,0.1127,0.0134,0.0285,0.4444,0.0535,T5
CJ-OK-0004,0.0616,0.6607,0.1126,0.02,0.2182,0.0366,0.0466,0.5,0.0852,T5
FA-IN-0001,0.0408,0.6977,0.077,0.0163,0.2857,0.0309,0.0299,0.5116,0.0565,T5
EE-NY-0146,0.0683,0.4545,0.1187,0.0068,0.0465,0.0119,0.0546,0.3636,0.095,T5
EE-NC-0086,0.1159,0.2424,0.1569,0.0,0.0,0.0,0.0942,0.197,0.1275,T5
CJ-CO-0004,0.0821,0.7042,0.1471,0.0312,0.2714,0.056,0.0591,0.507,0.1059,T5
EE-LA-0028,0.019,0.4286,0.0364,0.0,0.0,0.0,0.0127,0.2857,0.0242,T5
IM-KY-0001,0.1865,0.507,0.2727,0.0417,0.1143,0.0611,0.1088,0.2958,0.1591,T5
EE-MO-0105,0.5806,0.1985,0.2959,0.1838,0.0626,0.0934,0.2742,0.0938,0.1397,OpenAI
EE-MI-0138,0.3041,0.4714,0.3697,0.088,0.1367,0.107,0.1613,0.25,0.1961,OpenAI
EE-FL-0124,0.6532,0.3139,0.424,0.2941,0.141,0.1906,0.3198,0.1537,0.2076,OpenAI
DR-TX-0003,0.6275,0.2485,0.3561,0.2562,0.1012,0.145,0.2843,0.1126,0.1613,OpenAI
EE-GA-0095,0.3802,0.465,0.4183,0.1414,0.1731,0.1556,0.2031,0.2484,0.2235,OpenAI
JI-OH-0011,0.585,0.2577,0.3578,0.2362,0.1038,0.1442,0.305,0.1344,0.1865,OpenAI
PB-DC-0011,0.625,0.3684,0.4636,0.2466,0.1451,0.1827,0.2991,0.1763,0.2219,OpenAI
PC-SD-0001,0.6735,0.1997,0.3081,0.2564,0.0758,0.117,0.3571,0.1059,0.1634,OpenAI
EE-LA-0061,0.3107,0.512,0.3867,0.1415,0.2339,0.1763,0.165,0.272,0.2054,OpenAI
EE-MI-0149,0.4439,0.4915,0.4665,0.1282,0.142,0.1348,0.2143,0.2373,0.2252,OpenAI
FA-LA-0001,0.3892,0.5683,0.462,0.1238,0.1812,0.1471,0.1724,0.2518,0.2047,OpenAI
PC-NJ-0024,0.5882,0.1982,0.2965,0.172,0.0578,0.0865,0.2513,0.0847,0.1267,OpenAI
PC-NJ-0021,0.4054,0.4438,0.4237,0.1359,0.1488,0.142,0.1838,0.2012,0.1921,OpenAI
EE-CA-0214,0.3842,0.5887,0.465,0.1852,0.2846,0.2244,0.2263,0.3468,0.2739,OpenAI
JC-CA-0115,0.6256,0.2206,0.3262,0.1804,0.0634,0.0938,0.2667,0.094,0.139,OpenAI
EE-NY-0025,0.3459,0.4238,0.381,0.0815,0.1,0.0898,0.1838,0.2252,0.2024,OpenAI
PA-CA-0002,0.6597,0.1385,0.2289,0.2211,0.0462,0.0764,0.3403,0.0714,0.1181,OpenAI
JI-FL-0002,0.5765,0.2425,0.3414,0.1744,0.0731,0.103,0.2806,0.118,0.1662,OpenAI
EE-IL-0106,0.41,0.3142,0.3557,0.1055,0.0808,0.0915,0.185,0.1418,0.1605,OpenAI
EE-NY-0041,0.3706,0.6239,0.465,0.1327,0.2241,0.1667,0.1624,0.2735,0.2038,OpenAI
EE-CA-0079,0.4076,0.4674,0.4354,0.1048,0.1202,0.112,0.2038,0.2337,0.2177,OpenAI
EE-AZ-0009,0.7042,0.2199,0.3352,0.2594,0.0808,0.1232,0.3568,0.1114,0.1698,OpenAI
DR-CA-0001,0.5924,0.1855,0.2825,0.1762,0.055,0.0838,0.2654,0.0831,0.1266,OpenAI
ID-VA-0002,0.599,0.1658,0.2597,0.1893,0.0522,0.0818,0.314,0.0869,0.1361,OpenAI
CJ-ID-0003,0.6825,0.2487,0.3646,0.2429,0.0882,0.1294,0.3602,0.1313,0.1924,OpenAI
JC-NM-0003,0.4746,0.2143,0.2953,0.1875,0.0844,0.1164,0.2486,0.1122,0.1547,OpenAI
NS-NY-0024,0.6652,0.2707,0.3848,0.2318,0.0941,0.1339,0.3032,0.1234,0.1754,OpenAI
PB-CA-0048,0.7427,0.1622,0.2663,0.2732,0.0594,0.0976,0.3592,0.0785,0.1288,OpenAI
FH-NC-0002,0.555,0.4128,0.4735,0.1875,0.1393,0.1598,0.2823,0.21,0.2408,OpenAI
IM-MD-0013,0.5728,0.2864,0.3818,0.2075,0.1035,0.1381,0.3052,0.1526,0.2034,OpenAI
FA-GA-0001,0.7286,0.1327,0.2245,0.3445,0.0625,0.1058,0.3905,0.0711,0.1203,OpenAI
EE-AR-0025,0.335,0.561,0.4195,0.0927,0.1557,0.1162,0.1796,0.3008,0.2249,OpenAI
IM-CA-0104,0.7956,0.1227,0.2126,0.375,0.0576,0.0999,0.4489,0.0692,0.12,OpenAI
CJ-OH-0002,0.5922,0.391,0.471,0.2146,0.1415,0.1705,0.3107,0.2051,0.2471,OpenAI
EE-UT-0013,0.4604,0.5439,0.4987,0.1791,0.2118,0.1941,0.2772,0.3275,0.3003,OpenAI
EE-FL-0091,0.5455,0.3283,0.4099,0.1929,0.1159,0.1448,0.2828,0.1702,0.2125,OpenAI
EE-TX-0273,0.4494,0.3653,0.403,0.1356,0.1101,0.1215,0.2472,0.2009,0.2217,OpenAI
EE-NY-0020,0.5381,0.3759,0.4426,0.2041,0.1423,0.1677,0.3046,0.2128,0.2505,OpenAI
EE-FL-0065,0.3876,0.5159,0.4426,0.1298,0.1731,0.1484,0.2153,0.2866,0.2459,OpenAI
FA-DC-0006,0.5455,0.3529,0.4286,0.2081,0.1344,0.1633,0.2525,0.1634,0.1984,OpenAI
EE-PA-0138,0.3541,0.5211,0.4217,0.1394,0.2057,0.1662,0.1722,0.2535,0.2051,OpenAI
IM-MA-0016,0.6522,0.3936,0.4909,0.3058,0.1842,0.2299,0.372,0.2245,0.28,OpenAI
PB-MA-0011,0.754,0.156,0.2585,0.3226,0.0664,0.1102,0.369,0.0763,0.1265,OpenAI
EE-WA-0086,0.4462,0.3258,0.3766,0.1443,0.1053,0.1217,0.241,0.176,0.2035,OpenAI
FH-DC-0009,0.6683,0.102,0.177,0.2271,0.0345,0.0599,0.3413,0.0521,0.0904,OpenAI
EE-NV-0034,0.36,0.5255,0.4273,0.1106,0.1618,0.1313,0.21,0.3066,0.2493,OpenAI
EE-AR-0063,0.5263,0.3571,0.4255,0.1202,0.0814,0.0971,0.2201,0.1494,0.1779,OpenAI
IM-DC-0090,0.7166,0.1185,0.2033,0.2473,0.0407,0.0699,0.3529,0.0584,0.1002,OpenAI
PN-AZ-0002,0.6425,0.3811,0.4784,0.2379,0.1408,0.1769,0.2705,0.1605,0.2014,OpenAI
NS-CA-0016,0.6931,0.339,0.4553,0.2736,0.1335,0.1794,0.3366,0.1646,0.2211,OpenAI
EE-AL-0086,0.3947,0.6198,0.4823,0.1587,0.25,0.1942,0.2053,0.3223,0.2508,OpenAI
PN-WI-0001,0.6432,0.2334,0.3425,0.2075,0.0751,0.1103,0.338,0.1227,0.18,OpenAI
CJ-FL-0009,0.8065,0.1006,0.1789,0.287,0.0357,0.0635,0.3733,0.0466,0.0828,OpenAI
SD-KS-0001,0.8565,0.0527,0.0993,0.375,0.023,0.0433,0.5072,0.0312,0.0588,OpenAI
EE-TX-0357,0.2941,0.4054,0.3409,0.0739,0.102,0.0857,0.1667,0.2297,0.1932,OpenAI
IM-TX-0053,0.7333,0.2007,0.3152,0.3214,0.0877,0.1378,0.3956,0.1083,0.17,OpenAI
PC-IL-0042,0.5275,0.434,0.4762,0.2212,0.1818,0.1996,0.3028,0.2491,0.2733,OpenAI
PB-CA-0016,0.8643,0.0944,0.1702,0.4545,0.0494,0.0892,0.5339,0.0583,0.1051,OpenAI
ED-HI-0003,0.6449,0.2359,0.3454,0.2019,0.0736,0.1079,0.3037,0.1111,0.1627,OpenAI
DR-CO-0019,0.3722,0.4036,0.3873,0.1285,0.1394,0.1337,0.2,0.2169,0.2081,OpenAI
EE-IN-0121,0.5924,0.3698,0.4554,0.2143,0.1335,0.1645,0.2986,0.1864,0.2295,OpenAI
JC-TX-0020,0.68,0.1818,0.2869,0.2563,0.0683,0.1078,0.33,0.0882,0.1392,OpenAI
EE-PR-0006,0.4432,0.4432,0.4432,0.163,0.163,0.163,0.2162,0.2162,0.2162,OpenAI
JC-IL-0038,0.4286,0.4915,0.4579,0.1139,0.1307,0.1217,0.1921,0.2203,0.2053,OpenAI
FA-NY-0007,0.7143,0.1773,0.284,0.3218,0.0796,0.1276,0.4335,0.1076,0.1724,OpenAI
EE-PA-0168,0.4229,0.5152,0.4645,0.155,0.189,0.1703,0.2139,0.2606,0.235,OpenAI
EE-CO-0007,0.6215,0.3292,0.4304,0.2535,0.134,0.1753,0.3318,0.1757,0.2298,OpenAI
PN-NY-0014,0.7188,0.0374,0.0712,0.3089,0.016,0.0305,0.4531,0.0236,0.0449,OpenAI
NS-CA-0008,0.615,0.139,0.2267,0.2261,0.0509,0.0831,0.345,0.078,0.1272,OpenAI
PC-GA-0017,0.7009,0.2431,0.361,0.2394,0.0828,0.123,0.3037,0.1053,0.1564,OpenAI
IM-FL-0028,0.5924,0.3834,0.4655,0.219,0.1415,0.172,0.2891,0.1871,0.2272,OpenAI
IM-NY-0053,0.8578,0.0714,0.1318,0.4384,0.0363,0.0671,0.4559,0.0379,0.0701,OpenAI
EE-TX-0425,0.5047,0.5217,0.5131,0.2019,0.2087,0.2053,0.2477,0.256,0.2518,OpenAI
ED-NY-0008,0.5436,0.2465,0.3392,0.1804,0.0816,0.1124,0.2974,0.1349,0.1856,OpenAI
VR-MI-0074,0.6667,0.344,0.4538,0.2392,0.1232,0.1626,0.3333,0.172,0.2269,OpenAI
VR-RI-0022,0.5886,0.239,0.3399,0.2299,0.093,0.1325,0.2971,0.1206,0.1716,OpenAI
FH-MS-0003,0.4757,0.3101,0.3755,0.1024,0.0667,0.0808,0.233,0.1519,0.1839,OpenAI
PC-CO-0002,0.5654,0.4337,0.4909,0.1895,0.1452,0.1644,0.2565,0.1968,0.2227,OpenAI
PA-NY-0001,0.5622,0.3161,0.4046,0.2222,0.1247,0.1597,0.2857,0.1606,0.2056,OpenAI
PB-DC-0010,0.7317,0.1054,0.1843,0.2761,0.0396,0.0692,0.4024,0.058,0.1014,OpenAI
FA-DC-0020,0.7097,0.2115,0.3259,0.3519,0.1045,0.1612,0.3226,0.0962,0.1481,OpenAI
ED-CA-0027,0.6347,0.21,0.3156,0.2156,0.0711,0.1069,0.3333,0.1103,0.1657,OpenAI
JC-NM-0006,0.6889,0.2812,0.3994,0.2458,0.1,0.1422,0.3222,0.1315,0.1868,OpenAI
DR-MO-0001,0.8341,0.1415,0.2419,0.3333,0.0563,0.0964,0.4455,0.0756,0.1292,OpenAI
CJ-IL-0001,0.5961,0.2636,0.3656,0.203,0.0895,0.1242,0.2759,0.122,0.1692,OpenAI
NH-MO-0001,0.7477,0.1596,0.2631,0.2715,0.0577,0.0952,0.4054,0.0865,0.1426,OpenAI
EE-WA-0025,0.3218,0.3514,0.3359,0.0796,0.087,0.0831,0.1832,0.2,0.1912,OpenAI
PC-OH-0010,0.662,0.2058,0.314,0.184,0.057,0.0871,0.3099,0.0964,0.147,OpenAI
MH-ID-0003,0.715,0.2792,0.4016,0.3447,0.1342,0.1932,0.3478,0.1358,0.1954,OpenAI
EE-AL-0006,0.5455,0.3554,0.4304,0.1505,0.0979,0.1186,0.2299,0.1498,0.1814,OpenAI
CW-NV-0001,0.6842,0.1884,0.2955,0.1923,0.0528,0.0828,0.2823,0.0777,0.1219,OpenAI
EE-KS-0015,0.5419,0.3915,0.4545,0.2525,0.1821,0.2116,0.2906,0.21,0.2438,OpenAI
FH-WA-0002,0.466,0.3721,0.4138,0.1415,0.1128,0.1255,0.2379,0.1899,0.2112,OpenAI
IM-NY-0047,0.6908,0.3326,0.449,0.3107,0.1492,0.2016,0.285,0.1372,0.1852,OpenAI
EE-MD-0099,0.4744,0.4722,0.4733,0.1402,0.1395,0.1399,0.2279,0.2269,0.2274,OpenAI
IM-PA-0017,0.5792,0.2753,0.3732,0.2189,0.1038,0.1408,0.297,0.1412,0.1914,OpenAI
EE-AL-0057,0.4317,0.5302,0.4759,0.1099,0.1351,0.1212,0.224,0.2752,0.247,OpenAI
EE-PA-0147,0.3058,0.4172,0.3529,0.0976,0.1333,0.1127,0.1796,0.245,0.2073,OpenAI
PN-CA-0044,0.5359,0.4726,0.5022,0.226,0.1992,0.2117,0.2871,0.2532,0.2691,OpenAI
IM-TX-0027,0.6763,0.1711,0.2732,0.1699,0.0428,0.0684,0.343,0.0868,0.1385,OpenAI
EE-CA-0111,0.4118,0.4468,0.4286,0.1527,0.1658,0.159,0.2598,0.2819,0.2704,OpenAI
PC-NY-0048,0.5885,0.2139,0.3138,0.1731,0.0627,0.0921,0.2919,0.1061,0.1556,OpenAI
EE-TX-0372,0.405,0.3127,0.3529,0.0754,0.0581,0.0656,0.2,0.1544,0.1743,OpenAI
EE-IL-0082,0.4175,0.5244,0.4649,0.1463,0.184,0.163,0.2184,0.2744,0.2432,OpenAI
EE-CA-0348,0.7005,0.1818,0.2887,0.2143,0.0554,0.0881,0.3401,0.0883,0.1402,OpenAI
EE-TX-0243,0.3186,0.52,0.3951,0.133,0.2177,0.1651,0.1765,0.288,0.2188,OpenAI
JC-CO-0003,0.5169,0.2649,0.3502,0.1699,0.0868,0.1149,0.2512,0.1287,0.1702,OpenAI
CJ-NY-0013,0.7277,0.1972,0.3103,0.3302,0.0892,0.1404,0.3662,0.0992,0.1562,OpenAI
PC-CO-0028,0.7129,0.1849,0.2936,0.3221,0.0832,0.1323,0.4067,0.1055,0.1675,OpenAI
IM-PA-0016,0.8221,0.0742,0.1361,0.3478,0.0312,0.0573,0.5144,0.0464,0.0852,OpenAI
PR-MI-0002,0.6154,0.1604,0.2544,0.2045,0.0531,0.0843,0.3529,0.092,0.1459,OpenAI
IM-CA-0171,0.5727,0.2642,0.3615,0.1416,0.0651,0.0892,0.2773,0.1279,0.175,OpenAI
NS-CA-0007,0.6349,0.2597,0.3687,0.2394,0.0976,0.1387,0.2857,0.1169,0.1659,OpenAI
EE-GU-0001,0.4899,0.2795,0.356,0.0914,0.052,0.0663,0.2273,0.1297,0.1651,OpenAI
CJ-WA-0001,0.7794,0.118,0.2049,0.3202,0.0483,0.0839,0.4461,0.0675,0.1173,OpenAI
IM-CA-0108,0.6377,0.0774,0.1381,0.2136,0.0258,0.0461,0.3768,0.0457,0.0816,OpenAI
PN-IL-0009,0.6941,0.1863,0.2937,0.1927,0.0515,0.0813,0.3379,0.0907,0.143,OpenAI
FA-IL-0016,0.7067,0.3046,0.4257,0.2634,0.1132,0.1584,0.3689,0.159,0.2222,OpenAI
EE-NV-0004,0.49,0.2649,0.3439,0.1256,0.0678,0.088,0.235,0.127,0.1649,OpenAI
PC-FL-0010,0.621,0.2781,0.3842,0.2431,0.1086,0.1501,0.3105,0.1391,0.1921,OpenAI
EE-AZ-0064,0.375,0.45,0.4091,0.1302,0.1564,0.1421,0.2083,0.25,0.2273,OpenAI
CJ-TX-0007,0.564,0.1987,0.2938,0.1571,0.0552,0.0817,0.2986,0.1052,0.1556,OpenAI
EE-IA-0003,0.3026,0.4958,0.3758,0.0979,0.161,0.1218,0.1641,0.2689,0.2038,OpenAI
JC-MA-0019,0.7067,0.1924,0.3025,0.2609,0.0708,0.1113,0.3846,0.1047,0.1646,OpenAI
IM-NY-0024,0.7196,0.2571,0.3788,0.3052,0.1087,0.1603,0.3458,0.1235,0.182,OpenAI
IM-MA-0009,0.6602,0.2523,0.3651,0.2488,0.0948,0.1373,0.3155,0.1206,0.1745,OpenAI
DR-UT-0001,0.5693,0.2473,0.3448,0.204,0.0884,0.1233,0.2723,0.1183,0.1649,OpenAI
PC-MI-0003,0.7991,0.086,0.1553,0.3578,0.0383,0.0693,0.4612,0.0496,0.0896,OpenAI
DR-PA-0006,0.7381,0.1728,0.28,0.3158,0.0737,0.1195,0.3714,0.087,0.1409,OpenAI
PR-DC-0003,0.7873,0.3398,0.4748,0.3273,0.1409,0.197,0.3891,0.168,0.2347,OpenAI
CJ-AL-0001,0.3726,0.5,0.427,0.0853,0.1146,0.0978,0.1604,0.2152,0.1838,OpenAI
PN-MI-0013,0.6827,0.2165,0.3287,0.2415,0.0763,0.116,0.4038,0.128,0.1944,OpenAI
JC-NM-0010,0.6201,0.1559,0.2492,0.2303,0.0577,0.0922,0.3128,0.0787,0.1257,OpenAI
VR-VA-0067,0.75,0.2357,0.3587,0.3927,0.123,0.1874,0.4636,0.1457,0.2217,OpenAI
IM-NY-0054,0.6408,0.4552,0.5323,0.3024,0.2145,0.251,0.3301,0.2345,0.2742,OpenAI
IM-AL-0010,0.5825,0.2335,0.3333,0.1805,0.0721,0.1031,0.2524,0.1012,0.1444,OpenAI
FH-DC-0011,0.6364,0.1192,0.2008,0.2335,0.0436,0.0734,0.3485,0.0653,0.11,OpenAI
PN-OR-0004,0.6509,0.1991,0.305,0.2512,0.0766,0.1174,0.3302,0.101,0.1547,OpenAI
IM-IL-0024,0.8281,0.0626,0.1163,0.3955,0.0298,0.0553,0.5068,0.0383,0.0712,OpenAI
IM-NY-0071,0.6909,0.2222,0.3363,0.3151,0.101,0.153,0.3545,0.114,0.1726,OpenAI
EE-CO-0006,0.3802,0.3395,0.3587,0.1152,0.1028,0.1086,0.1979,0.1767,0.1867,OpenAI
JC-OR-0010,0.7837,0.1756,0.287,0.3623,0.0809,0.1323,0.4038,0.0905,0.1479,OpenAI
EE-FL-0032,0.3714,0.4194,0.3939,0.1388,0.1568,0.1472,0.2238,0.2527,0.2374,OpenAI
JC-IL-0028,0.4271,0.4885,0.4558,0.1364,0.1561,0.1456,0.2513,0.2874,0.2681,OpenAI
EE-FL-0046,0.4362,0.3961,0.4152,0.1872,0.1699,0.1781,0.266,0.2415,0.2532,OpenAI
PN-DC-0012,0.5714,0.381,0.4571,0.2308,0.1536,0.1844,0.3061,0.2041,0.2449,OpenAI
ID-CA-0005,0.5147,0.3889,0.443,0.197,0.1487,0.1695,0.2745,0.2074,0.2363,OpenAI
EE-IL-0166,0.3858,0.5468,0.4524,0.148,0.2101,0.1737,0.2132,0.3022,0.25,OpenAI
JC-WI-0009,0.455,0.3491,0.3951,0.1048,0.0803,0.0909,0.2085,0.16,0.1811,OpenAI
DR-CA-0054,0.736,0.2632,0.3877,0.3673,0.1309,0.193,0.3604,0.1289,0.1898,OpenAI
PC-NJ-0026,0.7963,0.1157,0.202,0.3163,0.0458,0.08,0.4444,0.0646,0.1127,OpenAI
EE-FL-0048,0.6029,0.2789,0.3814,0.1724,0.0795,0.1089,0.2647,0.1224,0.1674,OpenAI
PN-CA-0030,0.4693,0.2064,0.2867,0.1461,0.064,0.089,0.2402,0.1057,0.1468,OpenAI
IM-GA-0014,0.6313,0.2208,0.3272,0.2386,0.0832,0.1234,0.3182,0.1113,0.1649,OpenAI
JC-MD-0007,0.619,0.0966,0.1671,0.2575,0.04,0.0692,0.3869,0.0604,0.1044,OpenAI
DR-DC-0007,0.6439,0.2112,0.3181,0.2696,0.0881,0.1329,0.3805,0.1248,0.188,OpenAI
EE-AL-0119,0.3784,0.4421,0.4078,0.1267,0.1481,0.1366,0.2117,0.2474,0.2282,OpenAI
PB-FL-0015,0.6026,0.1142,0.192,0.2533,0.0477,0.0803,0.3113,0.059,0.0992,OpenAI
EE-AZ-0067,0.3776,0.4134,0.3947,0.1128,0.1236,0.118,0.2245,0.2458,0.2347,OpenAI
JC-IL-0006,0.7075,0.1486,0.2456,0.274,0.0572,0.0947,0.4082,0.0857,0.1417,OpenAI
CJ-MI-0008,0.6305,0.2282,0.3351,0.2327,0.0839,0.1234,0.3202,0.1159,0.1702,OpenAI
PB-MO-0001,0.5467,0.3426,0.4212,0.1562,0.0978,0.1203,0.2844,0.1783,0.2192,OpenAI
EE-FL-0072,0.3413,0.4152,0.3747,0.0918,0.1118,0.1008,0.1875,0.2281,0.2058,OpenAI
EE-WI-0031,0.4315,0.5346,0.4775,0.1939,0.2405,0.2147,0.2386,0.2956,0.264,OpenAI
EE-TX-0253,0.4879,0.5401,0.5127,0.1942,0.2151,0.2041,0.2899,0.3209,0.3046,OpenAI
EE-LA-0013,0.4848,0.4384,0.4604,0.1218,0.1101,0.1157,0.2626,0.2374,0.2494,OpenAI
EE-TX-0459,0.3478,0.3765,0.3616,0.1257,0.1361,0.1307,0.1685,0.1824,0.1751,OpenAI
PA-NC-0004,0.8056,0.1286,0.2218,0.3535,0.0562,0.097,0.3981,0.0636,0.1096,OpenAI
EE-TX-0057,0.5144,0.4592,0.4853,0.1836,0.1638,0.1731,0.2692,0.2403,0.254,OpenAI
EE-IL-0075,0.4953,0.3003,0.3739,0.0939,0.0568,0.0708,0.2383,0.1445,0.1799,OpenAI
PC-MA-0032,0.5659,0.515,0.5393,0.2044,0.1859,0.1947,0.2418,0.22,0.2304,OpenAI
IM-MD-0001,0.5895,0.4133,0.4859,0.2116,0.1481,0.1743,0.2737,0.1919,0.2256,OpenAI
EE-TX-0055,0.3668,0.5573,0.4424,0.1313,0.2,0.1585,0.2111,0.3206,0.2545,OpenAI
EE-NC-0095,0.4681,0.6154,0.5317,0.2299,0.3028,0.2614,0.2926,0.3846,0.3323,OpenAI
VR-TX-0450,0.5837,0.2717,0.3708,0.1346,0.0625,0.0854,0.2823,0.1314,0.1793,OpenAI
DR-CO-0001,0.7696,0.2147,0.3357,0.2778,0.0772,0.1208,0.3641,0.1015,0.1588,OpenAI
ID-CT-0002,0.6934,0.3025,0.4212,0.3081,0.134,0.1868,0.3774,0.1646,0.2292,OpenAI
EE-MI-0069,0.2143,0.4787,0.2961,0.0574,0.129,0.0795,0.1238,0.2766,0.1711,OpenAI
DR-TN-0001,0.6301,0.1875,0.289,0.2569,0.0762,0.1175,0.3288,0.0978,0.1508,OpenAI
NS-MI-0003,0.7165,0.1787,0.286,0.2124,0.0528,0.0845,0.2938,0.0733,0.1173,OpenAI
JC-CO-0008,0.65,0.2515,0.3626,0.2513,0.0969,0.1399,0.32,0.1238,0.1785,OpenAI
CW-CA-0005,0.7381,0.1243,0.2128,0.2727,0.0457,0.0784,0.419,0.0706,0.1208,OpenAI
NS-DC-0077,0.5392,0.3966,0.457,0.125,0.0918,0.1059,0.2258,0.1661,0.1914,OpenAI
EE-TX-0354,0.4532,0.5257,0.4868,0.1733,0.2011,0.1862,0.2365,0.2743,0.254,OpenAI
DR-PA-0001,0.7772,0.129,0.2212,0.3438,0.0568,0.0975,0.4456,0.0739,0.1268,OpenAI
NS-VA-0004,0.652,0.1251,0.2099,0.2266,0.0433,0.0727,0.3382,0.0649,0.1089,OpenAI
EE-MO-0002,0.8042,0.1704,0.2812,0.367,0.0774,0.1279,0.4392,0.093,0.1536,OpenAI
PB-MI-0026,0.7692,0.1333,0.2273,0.3913,0.0676,0.1152,0.4087,0.0708,0.1207,OpenAI
IM-GA-0017,0.8308,0.0715,0.1316,0.315,0.027,0.0497,0.4627,0.0398,0.0733,OpenAI
EE-CA-0352,0.5337,0.4292,0.4758,0.1458,0.1172,0.1299,0.2694,0.2167,0.2402,OpenAI
PB-FL-0009,0.4792,0.2466,0.3257,0.1361,0.0699,0.0924,0.25,0.1287,0.1699,OpenAI
EE-IL-0149,0.4141,0.5655,0.4781,0.1624,0.2222,0.1877,0.2172,0.2966,0.2507,OpenAI
JC-IL-0053,0.6944,0.3289,0.4464,0.2977,0.1407,0.191,0.3657,0.1732,0.2351,OpenAI
PC-MS-0001,0.7933,0.0739,0.1352,0.2995,0.0278,0.0508,0.4327,0.0403,0.0737,OpenAI
EE-LA-0004,0.2766,0.52,0.3611,0.1123,0.2121,0.1469,0.1649,0.31,0.2153,OpenAI
IM-FL-0013,0.619,0.3352,0.4349,0.2394,0.1293,0.1679,0.3122,0.1691,0.2193,OpenAI
EE-NC-0130,0.5149,0.4522,0.4815,0.194,0.1703,0.1814,0.297,0.2609,0.2778,OpenAI
FA-MI-0019,0.7209,0.2418,0.3621,0.3364,0.1125,0.1686,0.3953,0.1326,0.1986,OpenAI
PB-IL-0006,0.4726,0.2174,0.2978,0.085,0.039,0.0535,0.199,0.0915,0.1254,OpenAI
PN-CA-0023,0.6985,0.0921,0.1628,0.2323,0.0305,0.0539,0.397,0.0524,0.0925,OpenAI
PB-NM-0001,0.5163,0.3491,0.4165,0.1916,0.1293,0.1544,0.3116,0.2107,0.2514,OpenAI
PC-UT-0003,0.6763,0.2905,0.4064,0.233,0.0998,0.1397,0.3285,0.1411,0.1974,OpenAI
EE-CA-0039,0.3438,0.4151,0.3761,0.0785,0.0949,0.086,0.1927,0.2327,0.2108,OpenAI
IM-NY-0007,0.6811,0.1065,0.1842,0.25,0.0389,0.0673,0.4,0.0626,0.1082,OpenAI
EE-CA-0085,0.4726,0.4439,0.4578,0.135,0.1268,0.1308,0.204,0.1916,0.1976,OpenAI
EE-IL-0282,0.6837,0.2162,0.3285,0.2009,0.0633,0.0963,0.3023,0.0956,0.1453,OpenAI
JI-SC-0001,0.6473,0.1936,0.2981,0.2816,0.0839,0.1293,0.343,0.1026,0.158,OpenAI
VR-DC-1168,0.771,0.1585,0.2629,0.2958,0.0606,0.1006,0.3879,0.0797,0.1323,OpenAI
JI-LA-0007,0.4903,0.2971,0.37,0.1659,0.1003,0.125,0.2379,0.1441,0.1795,OpenAI
EE-NY-0194,0.42,0.4641,0.4409,0.1357,0.15,0.1425,0.24,0.2652,0.252,OpenAI
IM-NY-0060,0.5991,0.2235,0.3256,0.1629,0.0606,0.0883,0.2793,0.1042,0.1518,OpenAI
EE-WA-0029,0.4633,0.3981,0.4282,0.108,0.0927,0.0997,0.2203,0.1893,0.2037,OpenAI
EE-CA-0030,0.4925,0.5297,0.5104,0.1768,0.1902,0.1832,0.2513,0.2703,0.2604,OpenAI
PN-NJ-0005,0.5505,0.2946,0.3838,0.2081,0.1111,0.1449,0.2626,0.1405,0.1831,OpenAI
IM-GA-0008,0.7917,0.1543,0.2583,0.3246,0.063,0.1055,0.3333,0.065,0.1088,OpenAI
EE-CA-0040,0.375,0.4041,0.389,0.1063,0.1146,0.1103,0.2019,0.2176,0.2095,OpenAI
NS-DC-0115,0.8038,0.1765,0.2894,0.3221,0.0705,0.1156,0.4354,0.0956,0.1568,OpenAI
IM-NY-0072,0.838,0.1112,0.1963,0.4326,0.0572,0.101,0.4676,0.062,0.1095,OpenAI
PC-MI-0009,0.7259,0.1616,0.2643,0.2602,0.0577,0.0944,0.3452,0.0768,0.1257,OpenAI
EE-MI-0048,0.6392,0.3937,0.4872,0.2383,0.1465,0.1815,0.3093,0.1905,0.2358,OpenAI
EE-NC-0125,0.4429,0.4819,0.4615,0.1675,0.1823,0.1746,0.2333,0.2539,0.2432,OpenAI
EE-NY-0031,0.3606,0.4054,0.3817,0.0966,0.1087,0.1023,0.1971,0.2216,0.2087,OpenAI
JI-NM-0003,0.6774,0.3182,0.433,0.1713,0.0803,0.1093,0.2995,0.1407,0.1915,OpenAI
PN-NY-0011,0.6119,0.268,0.3727,0.26,0.1135,0.1581,0.3284,0.1438,0.2,OpenAI
EE-NM-0037,0.4574,0.3373,0.3883,0.0856,0.063,0.0726,0.2181,0.1608,0.1851,OpenAI
FH-SD-0001,0.3981,0.4456,0.4205,0.1116,0.125,0.1179,0.1852,0.2073,0.1956,OpenAI
FH-NH-0001,0.4952,0.3209,0.3894,0.1304,0.0844,0.1025,0.226,0.1464,0.1777,OpenAI
CJ-MO-0001,0.652,0.1184,0.2005,0.2266,0.041,0.0694,0.3676,0.0668,0.113,OpenAI
ED-SD-0002,0.774,0.2015,0.3197,0.2727,0.0707,0.1123,0.4011,0.1044,0.1657,OpenAI
IM-DC-0065,0.6136,0.3301,0.4293,0.1781,0.0956,0.1244,0.2636,0.1418,0.1844,OpenAI
IM-CT-0009,0.5628,0.2267,0.3232,0.1717,0.069,0.0984,0.2714,0.1093,0.1558,OpenAI
JI-CT-0004,0.7037,0.1163,0.1996,0.2419,0.0398,0.0684,0.4074,0.0673,0.1156,OpenAI
NH-PA-0002,0.6305,0.4539,0.5278,0.2574,0.1851,0.2153,0.2956,0.2128,0.2474,OpenAI
EE-FL-0061,0.38,0.3938,0.3868,0.1558,0.1615,0.1586,0.205,0.2124,0.2087,OpenAI
PN-MI-0002,0.5825,0.2526,0.3524,0.1268,0.0549,0.0766,0.2476,0.1074,0.1498,OpenAI
EE-TX-0179,0.3505,0.4823,0.406,0.0984,0.1357,0.1141,0.1959,0.2695,0.2269,OpenAI
EE-IL-0123,0.5767,0.1003,0.1708,0.1649,0.0285,0.0487,0.3016,0.0524,0.0893,OpenAI
IM-DC-0083,0.6651,0.4264,0.5196,0.3365,0.2154,0.2627,0.3397,0.2178,0.2654,OpenAI
EE-TX-0195,0.485,0.3464,0.4042,0.1106,0.0789,0.0921,0.225,0.1607,0.1875,OpenAI
IM-FL-0018,0.5075,0.2036,0.2906,0.14,0.056,0.08,0.2587,0.1038,0.1481,OpenAI
DR-CO-0009,0.4279,0.5244,0.4712,0.18,0.2209,0.1983,0.2189,0.2683,0.2411,OpenAI
JC-AZ-0016,0.6143,0.2048,0.3071,0.1579,0.0525,0.0788,0.3,0.1,0.15,OpenAI
EE-TX-0095,0.4472,0.5394,0.489,0.1616,0.1951,0.1768,0.2563,0.3091,0.2802,OpenAI
PN-AZ-0001,0.6548,0.1148,0.1953,0.2296,0.0401,0.0682,0.3553,0.0623,0.106,OpenAI
CJ-OK-0004,0.5764,0.1947,0.291,0.1733,0.0583,0.0873,0.2759,0.0932,0.1393,OpenAI
FA-IN-0001,0.6731,0.1902,0.2966,0.1884,0.0531,0.0828,0.3413,0.0965,0.1504,OpenAI
EE-NY-0146,0.5455,0.3891,0.4542,0.1538,0.1096,0.128,0.2632,0.1877,0.2191,OpenAI
EE-NC-0086,0.3698,0.5145,0.4303,0.1571,0.219,0.1829,0.1927,0.2681,0.2242,OpenAI
CJ-CO-0004,0.6697,0.243,0.3566,0.2364,0.0855,0.1256,0.3167,0.1149,0.1687,OpenAI
EE-LA-0028,0.4067,0.538,0.4632,0.1394,0.1847,0.1589,0.2297,0.3038,0.2616,OpenAI
IM-KY-0001,0.4316,0.4249,0.4282,0.1323,0.1302,0.1312,0.2105,0.2073,0.2089,OpenAI
EE-MO-0105,0.1985,0.5806,0.2959,0.0626,0.1838,0.0934,0.0938,0.2742,0.1397,OpenAI_1
EE-MI-0138,0.4714,0.3041,0.3697,0.1367,0.088,0.107,0.25,0.1613,0.1961,OpenAI_1
EE-FL-0124,0.3139,0.6532,0.424,0.141,0.2941,0.1906,0.1537,0.3198,0.2076,OpenAI_1
DR-TX-0003,0.2485,0.6275,0.3561,0.1012,0.2562,0.145,0.1126,0.2843,0.1613,OpenAI_1
EE-GA-0095,0.465,0.3802,0.4183,0.1731,0.1414,0.1556,0.2484,0.2031,0.2235,OpenAI_1
JI-OH-0011,0.2577,0.585,0.3578,0.1038,0.2362,0.1442,0.1344,0.305,0.1865,OpenAI_1
PB-DC-0011,0.3684,0.625,0.4636,0.1451,0.2466,0.1827,0.1763,0.2991,0.2219,OpenAI_1
PC-SD-0001,0.1997,0.6735,0.3081,0.0758,0.2564,0.117,0.1059,0.3571,0.1634,OpenAI_1
EE-LA-0061,0.512,0.3107,0.3867,0.2339,0.1415,0.1763,0.272,0.165,0.2054,OpenAI_1
EE-MI-0149,0.4915,0.4439,0.4665,0.142,0.1282,0.1348,0.2373,0.2143,0.2252,OpenAI_1
FA-LA-0001,0.5683,0.3892,0.462,0.1812,0.1238,0.1471,0.2518,0.1724,0.2047,OpenAI_1
PC-NJ-0024,0.1982,0.5882,0.2965,0.0578,0.172,0.0865,0.0847,0.2513,0.1267,OpenAI_1
PC-NJ-0021,0.4438,0.4054,0.4237,0.1488,0.1359,0.142,0.2012,0.1838,0.1921,OpenAI_1
EE-CA-0214,0.5887,0.3842,0.465,0.2846,0.1852,0.2244,0.3468,0.2263,0.2739,OpenAI_1
JC-CA-0115,0.2206,0.6256,0.3262,0.0634,0.1804,0.0938,0.094,0.2667,0.139,OpenAI_1
EE-NY-0025,0.4238,0.3459,0.381,0.1,0.0815,0.0898,0.2252,0.1838,0.2024,OpenAI_1
PA-CA-0002,0.1385,0.6597,0.2289,0.0462,0.2211,0.0764,0.0714,0.3403,0.1181,OpenAI_1
JI-FL-0002,0.2425,0.5765,0.3414,0.0731,0.1744,0.103,0.118,0.2806,0.1662,OpenAI_1
EE-IL-0106,0.3142,0.41,0.3557,0.0808,0.1055,0.0915,0.1418,0.185,0.1605,OpenAI_1
EE-NY-0041,0.6239,0.3706,0.465,0.2241,0.1327,0.1667,0.2735,0.1624,0.2038,OpenAI_1
EE-CA-0079,0.4674,0.4076,0.4354,0.1202,0.1048,0.112,0.2337,0.2038,0.2177,OpenAI_1
EE-AZ-0009,0.2199,0.7042,0.3352,0.0808,0.2594,0.1232,0.1114,0.3568,0.1698,OpenAI_1
DR-CA-0001,0.1855,0.5924,0.2825,0.055,0.1762,0.0838,0.0831,0.2654,0.1266,OpenAI_1
ID-VA-0002,0.1658,0.599,0.2597,0.0522,0.1893,0.0818,0.0869,0.314,0.1361,OpenAI_1
CJ-ID-0003,0.2487,0.6825,0.3646,0.0882,0.2429,0.1294,0.1313,0.3602,0.1924,OpenAI_1
JC-NM-0003,0.2143,0.4746,0.2953,0.0844,0.1875,0.1164,0.1122,0.2486,0.1547,OpenAI_1
NS-NY-0024,0.2707,0.6652,0.3848,0.0941,0.2318,0.1339,0.1234,0.3032,0.1754,OpenAI_1
PB-CA-0048,0.1622,0.7427,0.2663,0.0594,0.2732,0.0976,0.0785,0.3592,0.1288,OpenAI_1
FH-NC-0002,0.4128,0.555,0.4735,0.1393,0.1875,0.1598,0.21,0.2823,0.2408,OpenAI_1
IM-MD-0013,0.2864,0.5728,0.3818,0.1035,0.2075,0.1381,0.1526,0.3052,0.2034,OpenAI_1
FA-GA-0001,0.1327,0.7286,0.2245,0.0625,0.3445,0.1058,0.0711,0.3905,0.1203,OpenAI_1
EE-AR-0025,0.561,0.335,0.4195,0.1557,0.0927,0.1162,0.3008,0.1796,0.2249,OpenAI_1
IM-CA-0104,0.1227,0.7956,0.2126,0.0576,0.375,0.0999,0.0692,0.4489,0.12,OpenAI_1
CJ-OH-0002,0.391,0.5922,0.471,0.1415,0.2146,0.1705,0.2051,0.3107,0.2471,OpenAI_1
EE-UT-0013,0.5439,0.4604,0.4987,0.2118,0.1791,0.1941,0.3275,0.2772,0.3003,OpenAI_1
EE-FL-0091,0.3283,0.5455,0.4099,0.1159,0.1929,0.1448,0.1702,0.2828,0.2125,OpenAI_1
EE-TX-0273,0.3653,0.4494,0.403,0.1101,0.1356,0.1215,0.2009,0.2472,0.2217,OpenAI_1
EE-NY-0020,0.3759,0.5381,0.4426,0.1423,0.2041,0.1677,0.2128,0.3046,0.2505,OpenAI_1
EE-FL-0065,0.5159,0.3876,0.4426,0.1731,0.1298,0.1484,0.2866,0.2153,0.2459,OpenAI_1
FA-DC-0006,0.3529,0.5455,0.4286,0.1344,0.2081,0.1633,0.1634,0.2525,0.1984,OpenAI_1
EE-PA-0138,0.5211,0.3541,0.4217,0.2057,0.1394,0.1662,0.2535,0.1722,0.2051,OpenAI_1
IM-MA-0016,0.3936,0.6522,0.4909,0.1842,0.3058,0.2299,0.2245,0.372,0.28,OpenAI_1
PB-MA-0011,0.156,0.754,0.2585,0.0664,0.3226,0.1102,0.0763,0.369,0.1265,OpenAI_1
EE-WA-0086,0.3258,0.4462,0.3766,0.1053,0.1443,0.1217,0.176,0.241,0.2035,OpenAI_1
FH-DC-0009,0.102,0.6683,0.177,0.0345,0.2271,0.0599,0.0521,0.3413,0.0904,OpenAI_1
EE-NV-0034,0.5255,0.36,0.4273,0.1618,0.1106,0.1313,0.3066,0.21,0.2493,OpenAI_1
EE-AR-0063,0.3571,0.5263,0.4255,0.0814,0.1202,0.0971,0.1494,0.2201,0.1779,OpenAI_1
IM-DC-0090,0.1185,0.7166,0.2033,0.0407,0.2473,0.0699,0.0584,0.3529,0.1002,OpenAI_1
PN-AZ-0002,0.3811,0.6425,0.4784,0.1408,0.2379,0.1769,0.1605,0.2705,0.2014,OpenAI_1
NS-CA-0016,0.339,0.6931,0.4553,0.1335,0.2736,0.1794,0.1646,0.3366,0.2211,OpenAI_1
EE-AL-0086,0.6198,0.3947,0.4823,0.25,0.1587,0.1942,0.3223,0.2053,0.2508,OpenAI_1
PN-WI-0001,0.2334,0.6432,0.3425,0.0751,0.2075,0.1103,0.1227,0.338,0.18,OpenAI_1
CJ-FL-0009,0.1006,0.8065,0.1789,0.0357,0.287,0.0635,0.0466,0.3733,0.0828,OpenAI_1
SD-KS-0001,0.0527,0.8565,0.0993,0.023,0.375,0.0433,0.0312,0.5072,0.0588,OpenAI_1
EE-TX-0357,0.4054,0.2941,0.3409,0.102,0.0739,0.0857,0.2297,0.1667,0.1932,OpenAI_1
IM-TX-0053,0.2007,0.7333,0.3152,0.0877,0.3214,0.1378,0.1083,0.3956,0.17,OpenAI_1
PC-IL-0042,0.434,0.5275,0.4762,0.1818,0.2212,0.1996,0.2491,0.3028,0.2733,OpenAI_1
PB-CA-0016,0.0944,0.8643,0.1702,0.0494,0.4545,0.0892,0.0583,0.5339,0.1051,OpenAI_1
ED-HI-0003,0.2359,0.6449,0.3454,0.0736,0.2019,0.1079,0.1111,0.3037,0.1627,OpenAI_1
DR-CO-0019,0.4036,0.3722,0.3873,0.1394,0.1285,0.1337,0.2169,0.2,0.2081,OpenAI_1
EE-IN-0121,0.3698,0.5924,0.4554,0.1335,0.2143,0.1645,0.1864,0.2986,0.2295,OpenAI_1
JC-TX-0020,0.1818,0.68,0.2869,0.0683,0.2563,0.1078,0.0882,0.33,0.1392,OpenAI_1
EE-PR-0006,0.4432,0.4432,0.4432,0.163,0.163,0.163,0.2162,0.2162,0.2162,OpenAI_1
JC-IL-0038,0.4915,0.4286,0.4579,0.1307,0.1139,0.1217,0.2203,0.1921,0.2053,OpenAI_1
FA-NY-0007,0.1773,0.7143,0.284,0.0796,0.3218,0.1276,0.1076,0.4335,0.1724,OpenAI_1
EE-PA-0168,0.5152,0.4229,0.4645,0.189,0.155,0.1703,0.2606,0.2139,0.235,OpenAI_1
EE-CO-0007,0.3292,0.6215,0.4304,0.134,0.2535,0.1753,0.1757,0.3318,0.2298,OpenAI_1
PN-NY-0014,0.0374,0.7188,0.0712,0.016,0.3089,0.0305,0.0236,0.4531,0.0449,OpenAI_1
NS-CA-0008,0.139,0.615,0.2267,0.0509,0.2261,0.0831,0.078,0.345,0.1272,OpenAI_1
PC-GA-0017,0.2431,0.7009,0.361,0.0828,0.2394,0.123,0.1053,0.3037,0.1564,OpenAI_1
IM-FL-0028,0.3834,0.5924,0.4655,0.1415,0.219,0.172,0.1871,0.2891,0.2272,OpenAI_1
IM-NY-0053,0.0714,0.8578,0.1318,0.0363,0.4384,0.0671,0.0379,0.4559,0.0701,OpenAI_1
EE-TX-0425,0.5217,0.5047,0.5131,0.2087,0.2019,0.2053,0.256,0.2477,0.2518,OpenAI_1
ED-NY-0008,0.2465,0.5436,0.3392,0.0816,0.1804,0.1124,0.1349,0.2974,0.1856,OpenAI_1
VR-MI-0074,0.344,0.6667,0.4538,0.1232,0.2392,0.1626,0.172,0.3333,0.2269,OpenAI_1
VR-RI-0022,0.239,0.5886,0.3399,0.093,0.2299,0.1325,0.1206,0.2971,0.1716,OpenAI_1
FH-MS-0003,0.3101,0.4757,0.3755,0.0667,0.1024,0.0808,0.1519,0.233,0.1839,OpenAI_1
PC-CO-0002,0.4337,0.5654,0.4909,0.1452,0.1895,0.1644,0.1968,0.2565,0.2227,OpenAI_1
PA-NY-0001,0.3161,0.5622,0.4046,0.1247,0.2222,0.1597,0.1606,0.2857,0.2056,OpenAI_1
PB-DC-0010,0.1054,0.7317,0.1843,0.0396,0.2761,0.0692,0.058,0.4024,0.1014,OpenAI_1
FA-DC-0020,0.2115,0.7097,0.3259,0.1045,0.3519,0.1612,0.0962,0.3226,0.1481,OpenAI_1
ED-CA-0027,0.21,0.6347,0.3156,0.0711,0.2156,0.1069,0.1103,0.3333,0.1657,OpenAI_1
JC-NM-0006,0.2812,0.6889,0.3994,0.1,0.2458,0.1422,0.1315,0.3222,0.1868,OpenAI_1
DR-MO-0001,0.1415,0.8341,0.2419,0.0563,0.3333,0.0964,0.0756,0.4455,0.1292,OpenAI_1
CJ-IL-0001,0.2636,0.5961,0.3656,0.0895,0.203,0.1242,0.122,0.2759,0.1692,OpenAI_1
NH-MO-0001,0.1596,0.7477,0.2631,0.0577,0.2715,0.0952,0.0865,0.4054,0.1426,OpenAI_1
EE-WA-0025,0.3514,0.3218,0.3359,0.087,0.0796,0.0831,0.2,0.1832,0.1912,OpenAI_1
PC-OH-0010,0.2058,0.662,0.314,0.057,0.184,0.0871,0.0964,0.3099,0.147,OpenAI_1
MH-ID-0003,0.2792,0.715,0.4016,0.1342,0.3447,0.1932,0.1358,0.3478,0.1954,OpenAI_1
EE-AL-0006,0.3554,0.5455,0.4304,0.0979,0.1505,0.1186,0.1498,0.2299,0.1814,OpenAI_1
CW-NV-0001,0.1884,0.6842,0.2955,0.0528,0.1923,0.0828,0.0777,0.2823,0.1219,OpenAI_1
EE-KS-0015,0.3915,0.5419,0.4545,0.1821,0.2525,0.2116,0.21,0.2906,0.2438,OpenAI_1
FH-WA-0002,0.3721,0.466,0.4138,0.1128,0.1415,0.1255,0.1899,0.2379,0.2112,OpenAI_1
IM-NY-0047,0.3326,0.6908,0.449,0.1492,0.3107,0.2016,0.1372,0.285,0.1852,OpenAI_1
EE-MD-0099,0.4722,0.4744,0.4733,0.1395,0.1402,0.1399,0.2269,0.2279,0.2274,OpenAI_1
IM-PA-0017,0.2753,0.5792,0.3732,0.1038,0.2189,0.1408,0.1412,0.297,0.1914,OpenAI_1
EE-AL-0057,0.5302,0.4317,0.4759,0.1351,0.1099,0.1212,0.2752,0.224,0.247,OpenAI_1
EE-PA-0147,0.4172,0.3058,0.3529,0.1333,0.0976,0.1127,0.245,0.1796,0.2073,OpenAI_1
PN-CA-0044,0.4726,0.5359,0.5022,0.1992,0.226,0.2117,0.2532,0.2871,0.2691,OpenAI_1
IM-TX-0027,0.1711,0.6763,0.2732,0.0428,0.1699,0.0684,0.0868,0.343,0.1385,OpenAI_1
EE-CA-0111,0.4468,0.4118,0.4286,0.1658,0.1527,0.159,0.2819,0.2598,0.2704,OpenAI_1
PC-NY-0048,0.2139,0.5885,0.3138,0.0627,0.1731,0.0921,0.1061,0.2919,0.1556,OpenAI_1
EE-TX-0372,0.3127,0.405,0.3529,0.0581,0.0754,0.0656,0.1544,0.2,0.1743,OpenAI_1
EE-IL-0082,0.5244,0.4175,0.4649,0.184,0.1463,0.163,0.2744,0.2184,0.2432,OpenAI_1
EE-CA-0348,0.1818,0.7005,0.2887,0.0554,0.2143,0.0881,0.0883,0.3401,0.1402,OpenAI_1
EE-TX-0243,0.52,0.3186,0.3951,0.2177,0.133,0.1651,0.288,0.1765,0.2188,OpenAI_1
JC-CO-0003,0.2649,0.5169,0.3502,0.0868,0.1699,0.1149,0.1287,0.2512,0.1702,OpenAI_1
CJ-NY-0013,0.1972,0.7277,0.3103,0.0892,0.3302,0.1404,0.0992,0.3662,0.1562,OpenAI_1
PC-CO-0028,0.1849,0.7129,0.2936,0.0832,0.3221,0.1323,0.1055,0.4067,0.1675,OpenAI_1
IM-PA-0016,0.0742,0.8221,0.1361,0.0312,0.3478,0.0573,0.0464,0.5144,0.0852,OpenAI_1
PR-MI-0002,0.1604,0.6154,0.2544,0.0531,0.2045,0.0843,0.092,0.3529,0.1459,OpenAI_1
IM-CA-0171,0.2642,0.5727,0.3615,0.0651,0.1416,0.0892,0.1279,0.2773,0.175,OpenAI_1
NS-CA-0007,0.2597,0.6349,0.3687,0.0976,0.2394,0.1387,0.1169,0.2857,0.1659,OpenAI_1
EE-GU-0001,0.2795,0.4899,0.356,0.052,0.0914,0.0663,0.1297,0.2273,0.1651,OpenAI_1
CJ-WA-0001,0.118,0.7794,0.2049,0.0483,0.3202,0.0839,0.0675,0.4461,0.1173,OpenAI_1
IM-CA-0108,0.0774,0.6377,0.1381,0.0258,0.2136,0.0461,0.0457,0.3768,0.0816,OpenAI_1
PN-IL-0009,0.1863,0.6941,0.2937,0.0515,0.1927,0.0813,0.0907,0.3379,0.143,OpenAI_1
FA-IL-0016,0.3046,0.7067,0.4257,0.1132,0.2634,0.1584,0.159,0.3689,0.2222,OpenAI_1
EE-NV-0004,0.2649,0.49,0.3439,0.0678,0.1256,0.088,0.127,0.235,0.1649,OpenAI_1
PC-FL-0010,0.2781,0.621,0.3842,0.1086,0.2431,0.1501,0.1391,0.3105,0.1921,OpenAI_1
EE-AZ-0064,0.45,0.375,0.4091,0.1564,0.1302,0.1421,0.25,0.2083,0.2273,OpenAI_1
CJ-TX-0007,0.1987,0.564,0.2938,0.0552,0.1571,0.0817,0.1052,0.2986,0.1556,OpenAI_1
EE-IA-0003,0.4958,0.3026,0.3758,0.161,0.0979,0.1218,0.2689,0.1641,0.2038,OpenAI_1
JC-MA-0019,0.1924,0.7067,0.3025,0.0708,0.2609,0.1113,0.1047,0.3846,0.1646,OpenAI_1
IM-NY-0024,0.2571,0.7196,0.3788,0.1087,0.3052,0.1603,0.1235,0.3458,0.182,OpenAI_1
IM-MA-0009,0.2523,0.6602,0.3651,0.0948,0.2488,0.1373,0.1206,0.3155,0.1745,OpenAI_1
DR-UT-0001,0.2473,0.5693,0.3448,0.0884,0.204,0.1233,0.1183,0.2723,0.1649,OpenAI_1
PC-MI-0003,0.086,0.7991,0.1553,0.0383,0.3578,0.0693,0.0496,0.4612,0.0896,OpenAI_1
DR-PA-0006,0.1728,0.7381,0.28,0.0737,0.3158,0.1195,0.087,0.3714,0.1409,OpenAI_1
PR-DC-0003,0.3398,0.7873,0.4748,0.1409,0.3273,0.197,0.168,0.3891,0.2347,OpenAI_1
CJ-AL-0001,0.5,0.3726,0.427,0.1146,0.0853,0.0978,0.2152,0.1604,0.1838,OpenAI_1
PN-MI-0013,0.2165,0.6827,0.3287,0.0763,0.2415,0.116,0.128,0.4038,0.1944,OpenAI_1
JC-NM-0010,0.1559,0.6201,0.2492,0.0577,0.2303,0.0922,0.0787,0.3128,0.1257,OpenAI_1
VR-VA-0067,0.2357,0.75,0.3587,0.123,0.3927,0.1874,0.1457,0.4636,0.2217,OpenAI_1
IM-NY-0054,0.4552,0.6408,0.5323,0.2145,0.3024,0.251,0.2345,0.3301,0.2742,OpenAI_1
IM-AL-0010,0.2335,0.5825,0.3333,0.0721,0.1805,0.1031,0.1012,0.2524,0.1444,OpenAI_1
FH-DC-0011,0.1192,0.6364,0.2008,0.0436,0.2335,0.0734,0.0653,0.3485,0.11,OpenAI_1
PN-OR-0004,0.1991,0.6509,0.305,0.0766,0.2512,0.1174,0.101,0.3302,0.1547,OpenAI_1
IM-IL-0024,0.0626,0.8281,0.1163,0.0298,0.3955,0.0553,0.0383,0.5068,0.0712,OpenAI_1
IM-NY-0071,0.2222,0.6909,0.3363,0.101,0.3151,0.153,0.114,0.3545,0.1726,OpenAI_1
EE-CO-0006,0.3395,0.3802,0.3587,0.1028,0.1152,0.1086,0.1767,0.1979,0.1867,OpenAI_1
JC-OR-0010,0.1756,0.7837,0.287,0.0809,0.3623,0.1323,0.0905,0.4038,0.1479,OpenAI_1
EE-FL-0032,0.4194,0.3714,0.3939,0.1568,0.1388,0.1472,0.2527,0.2238,0.2374,OpenAI_1
JC-IL-0028,0.4885,0.4271,0.4558,0.1561,0.1364,0.1456,0.2874,0.2513,0.2681,OpenAI_1
EE-FL-0046,0.3961,0.4362,0.4152,0.1699,0.1872,0.1781,0.2415,0.266,0.2532,OpenAI_1
PN-DC-0012,0.381,0.5714,0.4571,0.1536,0.2308,0.1844,0.2041,0.3061,0.2449,OpenAI_1
ID-CA-0005,0.3889,0.5147,0.443,0.1487,0.197,0.1695,0.2074,0.2745,0.2363,OpenAI_1
EE-IL-0166,0.5468,0.3858,0.4524,0.2101,0.148,0.1737,0.3022,0.2132,0.25,OpenAI_1
JC-WI-0009,0.3491,0.455,0.3951,0.0803,0.1048,0.0909,0.16,0.2085,0.1811,OpenAI_1
DR-CA-0054,0.2632,0.736,0.3877,0.1309,0.3673,0.193,0.1289,0.3604,0.1898,OpenAI_1
PC-NJ-0026,0.1157,0.7963,0.202,0.0458,0.3163,0.08,0.0646,0.4444,0.1127,OpenAI_1
EE-FL-0048,0.2789,0.6029,0.3814,0.0795,0.1724,0.1089,0.1224,0.2647,0.1674,OpenAI_1
PN-CA-0030,0.2064,0.4693,0.2867,0.064,0.1461,0.089,0.1057,0.2402,0.1468,OpenAI_1
IM-GA-0014,0.2208,0.6313,0.3272,0.0832,0.2386,0.1234,0.1113,0.3182,0.1649,OpenAI_1
JC-MD-0007,0.0966,0.619,0.1671,0.04,0.2575,0.0692,0.0604,0.3869,0.1044,OpenAI_1
DR-DC-0007,0.2112,0.6439,0.3181,0.0881,0.2696,0.1329,0.1248,0.3805,0.188,OpenAI_1
EE-AL-0119,0.4421,0.3784,0.4078,0.1481,0.1267,0.1366,0.2474,0.2117,0.2282,OpenAI_1
PB-FL-0015,0.1142,0.6026,0.192,0.0477,0.2533,0.0803,0.059,0.3113,0.0992,OpenAI_1
EE-AZ-0067,0.4134,0.3776,0.3947,0.1236,0.1128,0.118,0.2458,0.2245,0.2347,OpenAI_1
JC-IL-0006,0.1486,0.7075,0.2456,0.0572,0.274,0.0947,0.0857,0.4082,0.1417,OpenAI_1
CJ-MI-0008,0.2282,0.6305,0.3351,0.0839,0.2327,0.1234,0.1159,0.3202,0.1702,OpenAI_1
PB-MO-0001,0.3426,0.5467,0.4212,0.0978,0.1562,0.1203,0.1783,0.2844,0.2192,OpenAI_1
EE-FL-0072,0.4152,0.3413,0.3747,0.1118,0.0918,0.1008,0.2281,0.1875,0.2058,OpenAI_1
EE-WI-0031,0.5346,0.4315,0.4775,0.2405,0.1939,0.2147,0.2956,0.2386,0.264,OpenAI_1
EE-TX-0253,0.5401,0.4879,0.5127,0.2151,0.1942,0.2041,0.3209,0.2899,0.3046,OpenAI_1
EE-LA-0013,0.4384,0.4848,0.4604,0.1101,0.1218,0.1157,0.2374,0.2626,0.2494,OpenAI_1
EE-TX-0459,0.3765,0.3478,0.3616,0.1361,0.1257,0.1307,0.1824,0.1685,0.1751,OpenAI_1
PA-NC-0004,0.1286,0.8056,0.2218,0.0562,0.3535,0.097,0.0636,0.3981,0.1096,OpenAI_1
EE-TX-0057,0.4592,0.5144,0.4853,0.1638,0.1836,0.1731,0.2403,0.2692,0.254,OpenAI_1
EE-IL-0075,0.3003,0.4953,0.3739,0.0568,0.0939,0.0708,0.1445,0.2383,0.1799,OpenAI_1
PC-MA-0032,0.515,0.5659,0.5393,0.1859,0.2044,0.1947,0.22,0.2418,0.2304,OpenAI_1
IM-MD-0001,0.4133,0.5895,0.4859,0.1481,0.2116,0.1743,0.1919,0.2737,0.2256,OpenAI_1
EE-TX-0055,0.5573,0.3668,0.4424,0.2,0.1313,0.1585,0.3206,0.2111,0.2545,OpenAI_1
EE-NC-0095,0.6154,0.4681,0.5317,0.3028,0.2299,0.2614,0.3846,0.2926,0.3323,OpenAI_1
VR-TX-0450,0.2717,0.5837,0.3708,0.0625,0.1346,0.0854,0.1314,0.2823,0.1793,OpenAI_1
DR-CO-0001,0.2147,0.7696,0.3357,0.0772,0.2778,0.1208,0.1015,0.3641,0.1588,OpenAI_1
ID-CT-0002,0.3025,0.6934,0.4212,0.134,0.3081,0.1868,0.1646,0.3774,0.2292,OpenAI_1
EE-MI-0069,0.4787,0.2143,0.2961,0.129,0.0574,0.0795,0.2766,0.1238,0.1711,OpenAI_1
DR-TN-0001,0.1875,0.6301,0.289,0.0762,0.2569,0.1175,0.0978,0.3288,0.1508,OpenAI_1
NS-MI-0003,0.1787,0.7165,0.286,0.0528,0.2124,0.0845,0.0733,0.2938,0.1173,OpenAI_1
JC-CO-0008,0.2515,0.65,0.3626,0.0969,0.2513,0.1399,0.1238,0.32,0.1785,OpenAI_1
CW-CA-0005,0.1243,0.7381,0.2128,0.0457,0.2727,0.0784,0.0706,0.419,0.1208,OpenAI_1
NS-DC-0077,0.3966,0.5392,0.457,0.0918,0.125,0.1059,0.1661,0.2258,0.1914,OpenAI_1
EE-TX-0354,0.5257,0.4532,0.4868,0.2011,0.1733,0.1862,0.2743,0.2365,0.254,OpenAI_1
DR-PA-0001,0.129,0.7772,0.2212,0.0568,0.3438,0.0975,0.0739,0.4456,0.1268,OpenAI_1
NS-VA-0004,0.1251,0.652,0.2099,0.0433,0.2266,0.0727,0.0649,0.3382,0.1089,OpenAI_1
EE-MO-0002,0.1704,0.8042,0.2812,0.0774,0.367,0.1279,0.093,0.4392,0.1536,OpenAI_1
PB-MI-0026,0.1333,0.7692,0.2273,0.0676,0.3913,0.1152,0.0708,0.4087,0.1207,OpenAI_1
IM-GA-0017,0.0715,0.8308,0.1316,0.027,0.315,0.0497,0.0398,0.4627,0.0733,OpenAI_1
EE-CA-0352,0.4292,0.5337,0.4758,0.1172,0.1458,0.1299,0.2167,0.2694,0.2402,OpenAI_1
PB-FL-0009,0.2466,0.4792,0.3257,0.0699,0.1361,0.0924,0.1287,0.25,0.1699,OpenAI_1
EE-IL-0149,0.5655,0.4141,0.4781,0.2222,0.1624,0.1877,0.2966,0.2172,0.2507,OpenAI_1
JC-IL-0053,0.3289,0.6944,0.4464,0.1407,0.2977,0.191,0.1732,0.3657,0.2351,OpenAI_1
PC-MS-0001,0.0739,0.7933,0.1352,0.0278,0.2995,0.0508,0.0403,0.4327,0.0737,OpenAI_1
EE-LA-0004,0.52,0.2766,0.3611,0.2121,0.1123,0.1469,0.31,0.1649,0.2153,OpenAI_1
IM-FL-0013,0.3352,0.619,0.4349,0.1293,0.2394,0.1679,0.1691,0.3122,0.2193,OpenAI_1
EE-NC-0130,0.4522,0.5149,0.4815,0.1703,0.194,0.1814,0.2609,0.297,0.2778,OpenAI_1
FA-MI-0019,0.2418,0.7209,0.3621,0.1125,0.3364,0.1686,0.1326,0.3953,0.1986,OpenAI_1
PB-IL-0006,0.2174,0.4726,0.2978,0.039,0.085,0.0535,0.0915,0.199,0.1254,OpenAI_1
PN-CA-0023,0.0921,0.6985,0.1628,0.0305,0.2323,0.0539,0.0524,0.397,0.0925,OpenAI_1
PB-NM-0001,0.3491,0.5163,0.4165,0.1293,0.1916,0.1544,0.2107,0.3116,0.2514,OpenAI_1
PC-UT-0003,0.2905,0.6763,0.4064,0.0998,0.233,0.1397,0.1411,0.3285,0.1974,OpenAI_1
EE-CA-0039,0.4151,0.3438,0.3761,0.0949,0.0785,0.086,0.2327,0.1927,0.2108,OpenAI_1
IM-NY-0007,0.1065,0.6811,0.1842,0.0389,0.25,0.0673,0.0626,0.4,0.1082,OpenAI_1
EE-CA-0085,0.4439,0.4726,0.4578,0.1268,0.135,0.1308,0.1916,0.204,0.1976,OpenAI_1
EE-IL-0282,0.2162,0.6837,0.3285,0.0633,0.2009,0.0963,0.0956,0.3023,0.1453,OpenAI_1
JI-SC-0001,0.1936,0.6473,0.2981,0.0839,0.2816,0.1293,0.1026,0.343,0.158,OpenAI_1
VR-DC-1168,0.1585,0.771,0.2629,0.0606,0.2958,0.1006,0.0797,0.3879,0.1323,OpenAI_1
JI-LA-0007,0.2971,0.4903,0.37,0.1003,0.1659,0.125,0.1441,0.2379,0.1795,OpenAI_1
EE-NY-0194,0.4641,0.42,0.4409,0.15,0.1357,0.1425,0.2652,0.24,0.252,OpenAI_1
IM-NY-0060,0.2235,0.5991,0.3256,0.0606,0.1629,0.0883,0.1042,0.2793,0.1518,OpenAI_1
EE-WA-0029,0.3981,0.4633,0.4282,0.0927,0.108,0.0997,0.1893,0.2203,0.2037,OpenAI_1
EE-CA-0030,0.5297,0.4925,0.5104,0.1902,0.1768,0.1832,0.2703,0.2513,0.2604,OpenAI_1
PN-NJ-0005,0.2946,0.5505,0.3838,0.1111,0.2081,0.1449,0.1405,0.2626,0.1831,OpenAI_1
IM-GA-0008,0.1543,0.7917,0.2583,0.063,0.3246,0.1055,0.065,0.3333,0.1088,OpenAI_1
EE-CA-0040,0.4041,0.375,0.389,0.1146,0.1063,0.1103,0.2176,0.2019,0.2095,OpenAI_1
NS-DC-0115,0.1765,0.8038,0.2894,0.0705,0.3221,0.1156,0.0956,0.4354,0.1568,OpenAI_1
IM-NY-0072,0.1112,0.838,0.1963,0.0572,0.4326,0.101,0.062,0.4676,0.1095,OpenAI_1
PC-MI-0009,0.1616,0.7259,0.2643,0.0577,0.2602,0.0944,0.0768,0.3452,0.1257,OpenAI_1
EE-MI-0048,0.3937,0.6392,0.4872,0.1465,0.2383,0.1815,0.1905,0.3093,0.2358,OpenAI_1
EE-NC-0125,0.4819,0.4429,0.4615,0.1823,0.1675,0.1746,0.2539,0.2333,0.2432,OpenAI_1
EE-NY-0031,0.4054,0.3606,0.3817,0.1087,0.0966,0.1023,0.2216,0.1971,0.2087,OpenAI_1
JI-NM-0003,0.3182,0.6774,0.433,0.0803,0.1713,0.1093,0.1407,0.2995,0.1915,OpenAI_1
PN-NY-0011,0.268,0.6119,0.3727,0.1135,0.26,0.1581,0.1438,0.3284,0.2,OpenAI_1
EE-NM-0037,0.3373,0.4574,0.3883,0.063,0.0856,0.0726,0.1608,0.2181,0.1851,OpenAI_1
FH-SD-0001,0.4456,0.3981,0.4205,0.125,0.1116,0.1179,0.2073,0.1852,0.1956,OpenAI_1
FH-NH-0001,0.3209,0.4952,0.3894,0.0844,0.1304,0.1025,0.1464,0.226,0.1777,OpenAI_1
CJ-MO-0001,0.1184,0.652,0.2005,0.041,0.2266,0.0694,0.0668,0.3676,0.113,OpenAI_1
ED-SD-0002,0.2015,0.774,0.3197,0.0707,0.2727,0.1123,0.1044,0.4011,0.1657,OpenAI_1
IM-DC-0065,0.3301,0.6136,0.4293,0.0956,0.1781,0.1244,0.1418,0.2636,0.1844,OpenAI_1
IM-CT-0009,0.2267,0.5628,0.3232,0.069,0.1717,0.0984,0.1093,0.2714,0.1558,OpenAI_1
JI-CT-0004,0.1163,0.7037,0.1996,0.0398,0.2419,0.0684,0.0673,0.4074,0.1156,OpenAI_1
NH-PA-0002,0.4539,0.6305,0.5278,0.1851,0.2574,0.2153,0.2128,0.2956,0.2474,OpenAI_1
EE-FL-0061,0.3938,0.38,0.3868,0.1615,0.1558,0.1586,0.2124,0.205,0.2087,OpenAI_1
PN-MI-0002,0.2526,0.5825,0.3524,0.0549,0.1268,0.0766,0.1074,0.2476,0.1498,OpenAI_1
EE-TX-0179,0.4823,0.3505,0.406,0.1357,0.0984,0.1141,0.2695,0.1959,0.2269,OpenAI_1
EE-IL-0123,0.1003,0.5767,0.1708,0.0285,0.1649,0.0487,0.0524,0.3016,0.0893,OpenAI_1
IM-DC-0083,0.4264,0.6651,0.5196,0.2154,0.3365,0.2627,0.2178,0.3397,0.2654,OpenAI_1
EE-TX-0195,0.3464,0.485,0.4042,0.0789,0.1106,0.0921,0.1607,0.225,0.1875,OpenAI_1
IM-FL-0018,0.2036,0.5075,0.2906,0.056,0.14,0.08,0.1038,0.2587,0.1481,OpenAI_1
DR-CO-0009,0.5244,0.4279,0.4712,0.2209,0.18,0.1983,0.2683,0.2189,0.2411,OpenAI_1
JC-AZ-0016,0.2048,0.6143,0.3071,0.0525,0.1579,0.0788,0.1,0.3,0.15,OpenAI_1
EE-TX-0095,0.5394,0.4472,0.489,0.1951,0.1616,0.1768,0.3091,0.2563,0.2802,OpenAI_1
PN-AZ-0001,0.1148,0.6548,0.1953,0.0401,0.2296,0.0682,0.0623,0.3553,0.106,OpenAI_1
CJ-OK-0004,0.1947,0.5764,0.291,0.0583,0.1733,0.0873,0.0932,0.2759,0.1393,OpenAI_1
FA-IN-0001,0.1902,0.6731,0.2966,0.0531,0.1884,0.0828,0.0965,0.3413,0.1504,OpenAI_1
EE-NY-0146,0.3891,0.5455,0.4542,0.1096,0.1538,0.128,0.1877,0.2632,0.2191,OpenAI_1
EE-NC-0086,0.5145,0.3698,0.4303,0.219,0.1571,0.1829,0.2681,0.1927,0.2242,OpenAI_1
CJ-CO-0004,0.243,0.6697,0.3566,0.0855,0.2364,0.1256,0.1149,0.3167,0.1687,OpenAI_1
EE-LA-0028,0.538,0.4067,0.4632,0.1847,0.1394,0.1589,0.3038,0.2297,0.2616,OpenAI_1
IM-KY-0001,0.4249,0.4316,0.4282,0.1302,0.1323,0.1312,0.2073,0.2105,0.2089,OpenAI_1
